-- phpMyAdmin SQL Dump
-- version 4.2.11
-- http://www.phpmyadmin.net
--
-- Host: 127.0.0.1
-- Generation Time: Oct 28, 2016 at 07:48 PM
-- Server version: 5.6.21
-- PHP Version: 5.6.3

SET SQL_MODE = "NO_AUTO_VALUE_ON_ZERO";
SET time_zone = "+00:00";


/*!40101 SET @OLD_CHARACTER_SET_CLIENT=@@CHARACTER_SET_CLIENT */;
/*!40101 SET @OLD_CHARACTER_SET_RESULTS=@@CHARACTER_SET_RESULTS */;
/*!40101 SET @OLD_COLLATION_CONNECTION=@@COLLATION_CONNECTION */;
/*!40101 SET NAMES utf8 */;

--
-- Database: `db_stiars`
--

-- --------------------------------------------------------

--
-- Table structure for table `tbl_accounts`
--

CREATE TABLE IF NOT EXISTS `tbl_accounts` (
`accountID` int(11) NOT NULL,
  `username` varchar(45) DEFAULT NULL,
  `password` varchar(45) DEFAULT NULL,
  `accoutName` varchar(45) DEFAULT NULL
) ENGINE=InnoDB AUTO_INCREMENT=5 DEFAULT CHARSET=latin1;

--
-- Dumping data for table `tbl_accounts`
--

INSERT INTO `tbl_accounts` (`accountID`, `username`, `password`, `accoutName`) VALUES
(1, 'user1', 'user1', NULL),
(2, 'user2', 'user2', NULL),
(3, 'user3', 'user3', NULL),
(4, 'user4', 'user4', NULL);

-- --------------------------------------------------------

--
-- Table structure for table `tbl_sections`
--

CREATE TABLE IF NOT EXISTS `tbl_sections` (
`sectionID` int(11) NOT NULL,
  `section` varchar(50) NOT NULL,
  `trackID` int(11) DEFAULT NULL
) ENGINE=InnoDB AUTO_INCREMENT=518 DEFAULT CHARSET=latin1;

--
-- Dumping data for table `tbl_sections`
--

INSERT INTO `tbl_sections` (`sectionID`, `section`, `trackID`) VALUES
(1, 'ABM111', 2),
(2, 'ABM114', 2),
(3, 'ITMAWE113', 1),
(4, 'ABM116', 2),
(5, 'ABM115', 2),
(6, 'ABM113', 2),
(7, 'ITMAWE112', 1),
(8, 'GAS111', 3),
(9, 'ITCHS111', 4),
(10, 'ABM118', 2),
(11, 'ITANIMA112', 5),
(12, 'ITMAWE1110', 1),
(13, 'ITMAWE111', 1),
(14, 'ITMAWE116', 1),
(15, 'ITMAWE1111', 1),
(16, 'ITMAWE115', 1),
(17, 'ABM117', 2),
(18, 'ABM112', 2),
(19, 'ITMAWE117', 1),
(20, 'ITMAWE(AM)', 1),
(21, 'ITMAWE114', 1),
(22, 'GAS113', 3),
(23, 'ITMAWE118', 1),
(24, 'ITANIMA111', 5),
(25, 'ITMAWE119', 1),
(26, 'ITCCE111', 6),
(27, 'GAS112', 3),
(28, 'ITMAWE1113', 1),
(29, 'ITMAWE1112', 1),
(30, 'ITANIMA113', 5),
(31, 'ACT111', 7),
(32, 'BSIT211', 8),
(33, 'BSIT111', 8),
(34, 'BSAT211', 9),
(35, 'BSIT212', 8),
(36, 'BSCS213', 10),
(37, 'BSCS212', 8),
(38, 'BSCS111', 7),
(39, 'ACT211', 7),
(40, 'BSBM211', 11),
(41, 'BSIT213', 8),
(42, 'ACT212', 7),
(43, 'BSIT411', 8),
(44, 'BSIT311', 8),
(45, 'BSBM311', 11),
(46, 'BSAT411', 9),
(47, 'CCE211', 12),
(48, 'BSCS211', 10),
(49, 'BSBM411', 11),
(50, 'BSCS311', 10),
(51, 'ACT213', 8),
(406, 'ITMAWE111A', 0),
(407, 'ITMAWE112A', 0),
(408, 'ITMAWE113A', 0),
(409, 'ITMAWE114A', 0),
(410, 'ITMAWE115A', 0),
(411, 'BM411', 0),
(412, 'BM311', 0),
(413, 'BM211', 0),
(414, 'AT311', 0),
(415, 'AT211', 0),
(416, 'AT411', 9),
(509, 'CCE111', 15),
(510, 'CS111', 10),
(512, 'CS211', 10),
(513, 'CS212', 10),
(514, 'CS213', 10),
(515, 'CS311', 10),
(516, 'IT311', 8),
(517, 'IT411', 8);

-- --------------------------------------------------------

--
-- Table structure for table `tbl_students`
--

CREATE TABLE IF NOT EXISTS `tbl_students` (
`id` int(11) NOT NULL,
  `studentID` int(11) NOT NULL,
  `studentName` varchar(200) NOT NULL,
  `sectionID` int(11) DEFAULT NULL,
  `trackID` int(11) NOT NULL,
  `registrationStatus` int(11) NOT NULL DEFAULT '0',
  `account_id` int(11) NOT NULL,
  `degree` varchar(45) DEFAULT NULL
) ENGINE=InnoDB AUTO_INCREMENT=1516 DEFAULT CHARSET=latin1;

--
-- Dumping data for table `tbl_students`
--

INSERT INTO `tbl_students` (`id`, `studentID`, `studentName`, `sectionID`, `trackID`, `registrationStatus`, `account_id`, `degree`) VALUES
(1, 0, 'ABDUL,MARVIN AMBITOH', 1, 2, 1, 0, 'SHS'),
(2, 0, 'ABUSTAN,JAMAICA', 1, 2, 1, 0, 'SHS'),
(3, 0, 'AGKAH,REEMA LADJAHASAN', 1, 2, 1, 0, 'SHS'),
(4, 0, 'ALEJANDRO,JOVELYN MENDEZ', 1, 2, 0, 0, 'SHS'),
(5, 0, 'ALMONTE,CARLA JOY VERGIS', 1, 2, 1, 0, 'SHS'),
(6, 0, 'AMIRIL,AIZA MAGANTE', 1, 2, 1, 0, 'SHS'),
(7, 0, 'BAIT - IT,CHERY MAE MALIG-ON', 1, 2, 0, 0, 'SHS'),
(8, 0, 'BATUSIN-IN,LOVELENE GONZALES', 1, 2, 1, 0, 'SHS'),
(9, 0, 'BENASA,JERUZ TUBOSA', 1, 2, 0, 0, 'SHS'),
(10, 0, 'BONGABONG,CHERIE JOY RAMILLANO', 1, 2, 1, 0, 'SHS'),
(11, 0, 'BUSTAMANTE,CARMELA DAGOOC', 1, 2, 1, 0, 'SHS'),
(12, 0, 'CENTENO,GEROME UY', 1, 2, 1, 0, 'SHS'),
(13, 0, 'CENTENO,KAYSIS TORRES', 1, 2, 0, 0, 'SHS'),
(14, 0, 'DAYAO,HANNA MARIE F', 1, 2, 1, 0, 'SHS'),
(15, 0, 'DIAZ,DIANA ANGELA ELVIÑA', 1, 2, 1, 0, 'SHS'),
(16, 0, 'DINI-AY,MARINELLE MACASO', 1, 2, 1, 0, 'SHS'),
(17, 0, 'DOHILING,IONERE LYN GUTIERREZ', 1, 2, 1, 0, 'SHS'),
(18, 0, 'ENCABO,ANGELINE LONOSO', 1, 2, 1, 0, 'SHS'),
(19, 0, 'ESPARAGUERA,JUVYLYN TINAMBACAN', 1, 2, 1, 0, 'SHS'),
(20, 0, 'FIGUROA,RHEA MAE ESTRAZA', 1, 2, 1, 0, 'SHS'),
(21, 0, 'GONZALES,CAHSNIERA ARADAIS', 1, 2, 1, 0, 'SHS'),
(22, 0, 'ILDEFONSO,DONNA MAE FERNANDEZ', 1, 2, 1, 0, 'SHS'),
(23, 0, 'JALANI,SARQUIZA EJORANGO', 1, 2, 1, 0, 'SHS'),
(24, 0, 'JAMMANG,ALHADZFAR DULLA', 1, 2, 1, 0, 'SHS'),
(25, 0, 'JIMENEZ,JOMAR FRANCISCO', 1, 2, 0, 0, 'SHS'),
(26, 0, 'LUMANTAS,LOVELY MAE ABEJAR', 1, 2, 1, 0, 'SHS'),
(27, 0, 'MEJOS,VIVIEN BLANCHE', 1, 2, 1, 0, 'SHS'),
(28, 0, 'MELINDO,CHRISTIAN JOE MASUCOL', 1, 2, 1, 0, 'SHS'),
(29, 0, 'MENDOZA,BABY JOY MANGHARAL', 1, 2, 1, 0, 'SHS'),
(30, 0, 'MINIMO,ARVIN ALEJANDRO', 1, 2, 0, 0, 'SHS'),
(31, 0, 'MUÑOZ,JERRY CONDES', 1, 2, 0, 0, 'SHS'),
(32, 0, 'OBORDO,CHIQUE MAE PATANGAN', 1, 2, 0, 0, 'SHS'),
(33, 0, 'OMAR,SHAIRA FENECIOS', 1, 2, 1, 0, 'SHS'),
(34, 0, 'OYAO,ANGELICA JOY AWEL', 1, 2, 1, 0, 'SHS'),
(35, 0, 'PASCULADO,HELERE CONDES', 1, 2, 1, 0, 'SHS'),
(36, 0, 'SAMSON,RITCHIE BETONIO', 1, 2, 1, 0, 'SHS'),
(37, 0, 'SICAD,ERIKA MAE PACURIB', 1, 2, 1, 0, 'SHS'),
(38, 0, 'SOLAMILLO,PRINCES APPLE MILLEJOR', 1, 2, 1, 0, 'SHS'),
(39, 0, 'SUMAPAD,MYLYN HIPONIA', 1, 2, 1, 0, 'SHS'),
(40, 0, 'TULING,KYLIE ALEXANDRA CAMOTES', 1, 2, 1, 0, 'SHS'),
(41, 0, 'UDDIN,JOCELYN ASANI', 1, 2, 0, 0, 'SHS'),
(42, 0, 'YEE,JASMINE MASLOG', 1, 2, 1, 0, 'SHS'),
(43, 0, 'ALABATA,SHERNAINE LAZARENO', 18, 2, 1, 0, 'SHS'),
(44, 0, 'AQUILLO,CHELYN MAE AM - IS', 18, 2, 1, 0, 'SHS'),
(45, 0, 'AQUINO,ADRIAN ALLAN SECUSANA', 18, 2, 1, 0, 'SHS'),
(46, 0, 'ARBON,GERALD DIAZ', 18, 2, 1, 0, 'SHS'),
(47, 0, 'ASAS,CHRISTIAN LLOYD DECIAL', 18, 2, 1, 0, 'SHS'),
(48, 0, 'BARES,JODESSEY MAY LEONARDO', 18, 2, 1, 0, 'SHS'),
(49, 0, 'BUHISAN,JHAYSHA SALAHUDDIN', 18, 2, 0, 0, 'SHS'),
(50, 0, 'CABAÑAS,MARIA EDEN BELACAOL', 18, 2, 1, 0, 'SHS'),
(51, 0, 'CALUGCUGAN,ALJON DAYOT', 18, 2, 1, 0, 'SHS'),
(52, 0, 'CAMPANER,ANGELA CONCEPCION', 18, 2, 1, 0, 'SHS'),
(53, 0, 'CAMPOGAN,THERESA INTE', 18, 2, 1, 0, 'SHS'),
(54, 0, 'CLIMACO,FRANCIS FRANCISCO', 18, 2, 1, 0, 'SHS'),
(55, 0, 'CONTAOI,EDELIE SETIT', 18, 2, 1, 0, 'SHS'),
(56, 0, 'DAPITAN,KRISSA BUNGO', 18, 2, 1, 0, 'SHS'),
(57, 0, 'ERAMIS,JESSA MAE PAYUSAN', 18, 2, 1, 0, 'SHS'),
(58, 0, 'EURAOBA,ALVIN APA', 18, 2, 1, 0, 'SHS'),
(59, 0, 'FERRER,WENDELL MUYCO', 18, 2, 1, 0, 'SHS'),
(60, 0, 'FRANCISCO,ROSELYN ESTRELLADA', 18, 2, 1, 0, 'SHS'),
(61, 0, 'HASSAN,SHERHANA USMAN', 18, 2, 1, 0, 'SHS'),
(62, 0, 'HIPOLITO,JHUNHIE VHOY RAMOS', 18, 2, 0, 0, 'SHS'),
(63, 0, 'JAMALUDDIN,CHERRY VIM ALICABO', 18, 2, 1, 0, 'SHS'),
(64, 0, 'JAMMANG,YUSRIMAR DULLA', 18, 2, 1, 0, 'SHS'),
(65, 0, 'JAMORA,ANDREA NICOLE LUNA', 18, 2, 0, 0, 'SHS'),
(66, 0, 'LABAROSA,ALICE BAUTISTA', 18, 2, 1, 0, 'SHS'),
(67, 0, 'LAO,RUQUIYAH DAUD', 18, 2, 0, 0, 'SHS'),
(68, 0, 'LISAMA,RICO JAMES FERNANDEZ', 18, 2, 1, 0, 'SHS'),
(69, 0, 'MALANA,NICOLYN LIGUTOM', 18, 2, 1, 0, 'SHS'),
(70, 0, 'MAPILI,CHARLES BRIAN HERRERA', 18, 2, 1, 0, 'SHS'),
(71, 0, 'MARIMON,PRINCESS MAE BULALJOG', 18, 2, 1, 0, 'SHS'),
(72, 0, 'OXIMAR,BEBERLY EBARSABAL', 18, 2, 1, 0, 'SHS'),
(73, 0, 'PALOMO,WILLIES DOMINIQUE CANDIDO', 18, 2, 1, 0, 'SHS'),
(74, 0, 'PARREÑO,CHRISTEL JANE R', 18, 2, 1, 0, 'SHS'),
(75, 0, 'RAMILLANO,MA. JASMIN MAGLINTE', 18, 2, 1, 0, 'SHS'),
(76, 0, 'SALAHUDDIN,NURSHEILHA KARANAIN', 18, 2, 0, 0, 'SHS'),
(77, 0, 'SALIM,ALFAIZA UNSANG', 18, 2, 1, 0, 'SHS'),
(78, 0, 'SANAAN,JERALD CARRILLO', 18, 2, 1, 0, 'SHS'),
(79, 0, 'SERRANO,ANDREI SEBASTIAN', 18, 2, 1, 0, 'SHS'),
(80, 0, 'SIOCON,JEW RICH GALILA', 18, 2, 0, 0, 'SHS'),
(81, 0, 'TUBO,FATIMA SHAIRRA TALEON', 18, 2, 1, 0, 'SHS'),
(82, 0, 'VALENCIA,LEAMAE NITRO', 18, 2, 1, 0, 'SHS'),
(83, 0, 'ABBAS,JULHAN LITO', 6, 2, 0, 0, 'SHS'),
(84, 0, 'ABDULGANI,MYLENE CHACHI JAJIRUL', 6, 2, 1, 0, 'SHS'),
(85, 0, 'ALICANDA,JOVY PADILLA', 6, 2, 1, 0, 'SHS'),
(86, 0, 'AMBITOH,JAYSON SABDAIN', 6, 2, 0, 0, 'SHS'),
(87, 0, 'ANGELES,JINKY - MAE CRUZ', 6, 2, 0, 0, 'SHS'),
(88, 0, 'BAYLE,PRECIOUS GLORY', 6, 2, 1, 0, 'SHS'),
(89, 0, 'BEJERANO,RODELINE JADE JAMANULLA', 6, 2, 0, 0, 'SHS'),
(90, 0, 'BIABILLA,MILLETTE ROSE MIÑOSA', 6, 2, 0, 0, 'SHS'),
(91, 0, 'BORGONIA,DAISY MARIE ANGCON', 6, 2, 0, 0, 'SHS'),
(92, 0, 'CANDIDO,ANDRIA ESPIRITUSANTO', 6, 2, 1, 0, 'SHS'),
(93, 0, 'EBOL,JUDIE ANN', 6, 2, 0, 0, 'SHS'),
(94, 0, 'EGUIA,GLENDEL CARL CATALAN', 6, 2, 1, 0, 'SHS'),
(95, 0, 'FERRER,RICHELLE MAE GUTIERREZ', 6, 2, 1, 0, 'SHS'),
(96, 0, 'FRANCISCO,MARY LORRAINE BAYA', 6, 2, 0, 0, 'SHS'),
(97, 0, 'GUEVARA,PAULA ABRIELLE DENGAL', 6, 2, 1, 0, 'SHS'),
(98, 0, 'ILYASEEN,HASANAH SIASON', 6, 2, 1, 0, 'SHS'),
(99, 0, 'INTAY,LALAINE MARCOS', 6, 2, 0, 0, 'SHS'),
(100, 0, 'JACINTO,MARK KEVIN MARIBAO', 6, 2, 1, 0, 'SHS'),
(101, 0, 'JEKERANI,FATIMA SAHALAN', 6, 2, 1, 0, 'SHS'),
(102, 0, 'JUMAHALI,NUR - DAYA JIKIRI', 6, 2, 1, 0, 'SHS'),
(103, 0, 'LACIDA,EUNICE FRANCISCO', 6, 2, 0, 0, 'SHS'),
(104, 0, 'LADIAHON,CHABELITA DAKAY', 6, 2, 1, 0, 'SHS'),
(105, 0, 'LAMARE,ADRIANA MYCALE BERDON', 6, 2, 0, 0, 'SHS'),
(106, 0, 'LINGAYEN,MILWINA TALABUCUN', 6, 2, 1, 0, 'SHS'),
(107, 0, 'MADJUKI,NASSAR LIM', 6, 2, 0, 0, 'SHS'),
(108, 0, 'MALONZO,JESSA MARO', 6, 2, 1, 0, 'SHS'),
(109, 0, 'MARIANO,NUR - SINA BASA', 6, 2, 0, 0, 'SHS'),
(110, 0, 'MIGUEL,RICA JANE CRUZ', 6, 2, 1, 0, 'SHS'),
(111, 0, 'MOFAN,JESSABELLE MAGHINAY', 6, 2, 0, 0, 'SHS'),
(112, 0, 'NIPA,EDNALYN BOLTRON', 6, 2, 0, 0, 'SHS'),
(113, 0, 'OMAÑA,AIWA ANDUS', 6, 2, 0, 0, 'SHS'),
(114, 0, 'PEPITO,YVONNE AGAPAY', 6, 2, 0, 0, 'SHS'),
(115, 0, 'REYES,REYRALPH JABONILLO', 6, 2, 1, 0, 'SHS'),
(116, 0, 'ROBLE,VIAMMA AMOR COLUMBRES', 6, 2, 0, 0, 'SHS'),
(117, 0, 'SABTULA,SARNALYN TAPAHING', 6, 2, 0, 0, 'SHS'),
(118, 0, 'SOLAMILLO,EMMA LAC - LAC', 6, 2, 1, 0, 'SHS'),
(119, 0, 'TAMON,VANIE ROSE ABELLON', 6, 2, 1, 0, 'SHS'),
(120, 0, 'TARROZA,CATHY JOY ZAPANTA', 6, 2, 1, 0, 'SHS'),
(121, 0, 'ABDURAJAK,FARHAH JANI', 2, 2, 1, 0, 'SHS'),
(122, 0, 'AGUDERA,JASMIN JOY', 2, 2, 1, 0, 'SHS'),
(123, 0, 'AMILUL,REYMAN ORTIZ', 2, 2, 1, 0, 'SHS'),
(124, 0, 'AMIRI,NUR-AIN', 2, 2, 1, 0, 'SHS'),
(125, 0, 'AMPONG,CHARLOTTE PENIONES', 2, 2, 1, 0, 'SHS'),
(126, 0, 'ANDICO,MARY ANN DELA CRUZ', 2, 2, 0, 0, 'SHS'),
(127, 0, 'ARROYO,RIA ANGELA GARINA', 2, 2, 1, 0, 'SHS'),
(128, 0, 'ASAN,SALASINA HASIR', 2, 2, 1, 0, 'SHS'),
(129, 0, 'BARON,ROBERT MANUEL', 2, 2, 1, 0, 'SHS'),
(130, 0, 'BERJAME,KIM NICOLE OLID', 2, 2, 1, 0, 'SHS'),
(131, 0, 'CABRERA,JUSTINE LUNA', 2, 2, 1, 0, 'SHS'),
(132, 0, 'CARIAGA,MICHAELLA TAN', 2, 2, 0, 0, 'SHS'),
(133, 0, 'CATIS,NOREEN CLAIRE MAGADAN', 2, 2, 1, 0, 'SHS'),
(134, 0, 'COMEROS,JOSHUA NAVARRO', 2, 2, 0, 0, 'SHS'),
(135, 0, 'DENIEGA,DARLENE ANTONIO', 2, 2, 1, 0, 'SHS'),
(136, 0, 'ENRIQUEZ,BABYLYN PEDRO', 2, 2, 0, 0, 'SHS'),
(137, 0, 'ETING,ERIKA KEITH CORAJE', 2, 2, 0, 0, 'SHS'),
(138, 0, 'FRANCISCO,KATLEEN CLEMENTE', 2, 2, 0, 0, 'SHS'),
(139, 0, 'GALVEZ,ROSARMARK BERNARDO', 2, 2, 0, 0, 'SHS'),
(140, 0, 'Hussin,Nurhaina Dasel', 2, 2, 0, 0, 'SHS'),
(141, 0, 'JIMENEZ,ERAME BACARIZA', 2, 2, 0, 0, 'SHS'),
(142, 0, 'JONAS,JOLY ANN GREGORIO', 2, 2, 0, 0, 'SHS'),
(143, 0, 'JUMAHARI,FAIZA JANE PALIGUMBA', 2, 2, 0, 0, 'SHS'),
(144, 0, 'KAIRAN,ERICA ROSE SANSON', 2, 2, 0, 0, 'SHS'),
(145, 0, 'LAMBOJON,JONNEL DIVINAGRACIA', 2, 2, 0, 0, 'SHS'),
(146, 0, 'LAYOLA,CHRISTIAN JOSEPH DIZON', 2, 2, 1, 0, 'SHS'),
(147, 0, 'MACROHON,APRIL JAY ATILANO', 2, 2, 0, 0, 'SHS'),
(148, 0, 'MARTIN,RHEA MAE CAPIO', 2, 2, 0, 0, 'SHS'),
(149, 0, 'MUZARIN,LENIE MAE MALUNOC', 2, 2, 0, 0, 'SHS'),
(150, 0, 'OMBEKAN,NAJZEENA SALUN', 2, 2, 0, 0, 'SHS'),
(151, 0, 'SABANAL,JELYN VELLALON', 2, 2, 0, 0, 'SHS'),
(152, 0, 'SOLIVEN,MARY GRACE LAMERA', 2, 2, 0, 0, 'SHS'),
(153, 0, 'SURUJI,SHAINA AKMAD', 2, 2, 0, 0, 'SHS'),
(154, 0, 'TAMBABA,RESTY RUIZ', 2, 2, 1, 0, 'SHS'),
(155, 0, 'TUBANZA,SHANAH SISO', 2, 2, 0, 0, 'SHS'),
(156, 0, 'VENUS,HAZEL DAINE PARAJADO', 2, 2, 0, 0, 'SHS'),
(157, 0, 'AGUSTIN,NORVIE PALIGUID', 5, 2, 1, 0, 'SHS'),
(158, 0, 'ALFONSO,EDJOHN DHUANE CARRASCO', 5, 2, 1, 0, 'SHS'),
(159, 0, 'ALIANGAN,WENDELYN BASILIO', 5, 2, 1, 0, 'SHS'),
(160, 0, 'ANCHETA,RINAMAE SALOMON', 5, 2, 0, 0, 'SHS'),
(161, 0, 'APARRI,QUEENIE SIGUE', 5, 2, 0, 0, 'SHS'),
(162, 0, 'BACARISAS,JONALYN RAMOS', 5, 2, 1, 0, 'SHS'),
(163, 0, 'BELLO,NATALIE PACTOL', 5, 2, 0, 0, 'SHS'),
(164, 0, 'BULAONG,AIRA MARIZ PERAS', 5, 2, 1, 0, 'SHS'),
(165, 0, 'BUNOT,ROLANDO VILLANUEVA', 5, 2, 1, 0, 'SHS'),
(166, 0, 'CALING,CLAUDINE MAE RAMOS', 5, 2, 0, 0, 'SHS'),
(167, 0, 'CANAMA,SHARMAINE GONZALES', 5, 2, 1, 0, 'SHS'),
(168, 0, 'CLEMENTE,RIA ARDEN MARIE ESPINA', 5, 2, 1, 0, 'SHS'),
(169, 0, 'DELOS REYES,ERICA FRANCISCO', 5, 2, 0, 0, 'SHS'),
(170, 0, 'ENCILAY,APRIL JOY CAÑEDO', 5, 2, 0, 0, 'SHS'),
(171, 0, 'FALCATAN,KYLA MAE LAPUT', 5, 2, 0, 0, 'SHS'),
(172, 0, 'FELIX,ARMARIE HIPOLITO', 5, 2, 0, 0, 'SHS'),
(173, 0, 'FONTANILLA,JONA RUTH NIETO', 5, 2, 0, 0, 'SHS'),
(174, 0, 'FRANCISCO,KRISZEL JANE VILLAJUAN', 5, 2, 0, 0, 'SHS'),
(175, 0, 'GARCIA,DARLENE NAVARRO', 5, 2, 1, 0, 'SHS'),
(176, 0, 'HABIL,JOSHUA ZAPANTA', 5, 2, 0, 0, 'SHS'),
(177, 0, 'IBNO,DELIA ARASANI', 5, 2, 1, 0, 'SHS'),
(178, 0, 'JACINTO,DANA GAY CAPULLO', 5, 2, 1, 0, 'SHS'),
(179, 0, 'LAHAMAN,JUSPER GERSON TAN', 5, 2, 0, 0, 'SHS'),
(180, 0, 'LEGASPI,MICHELLE MONDRAGON', 5, 2, 1, 0, 'SHS'),
(181, 0, 'LORA,GERALD CRISOSTOMO', 5, 2, 1, 0, 'SHS'),
(182, 0, 'LUAGUE,JOVELYN ABAY-ABAY', 5, 2, 1, 0, 'SHS'),
(183, 0, 'MOLANIDA,ALLIANA CUEVAS', 5, 2, 0, 0, 'SHS'),
(184, 0, 'NAZARENO,LIZA MAE ERAN', 5, 2, 0, 0, 'SHS'),
(185, 0, 'PEREZ,LICEL OCAMPO', 5, 2, 1, 0, 'SHS'),
(186, 0, 'REMIGIO,ÑINO ANGEL GRAPIA', 5, 2, 1, 0, 'SHS'),
(187, 0, 'RODRIGUEZ,PRINCESS SHEENA BASA', 5, 2, 1, 0, 'SHS'),
(188, 0, 'RUSIANA,HEIDY GALIZA', 5, 2, 0, 0, 'SHS'),
(189, 0, 'SAIPUDDIN,ABDULKADIR BALLAHO', 5, 2, 1, 0, 'SHS'),
(190, 0, 'SANANI,ALLIAH MAE TIANOK', 5, 2, 1, 0, 'SHS'),
(191, 0, 'SANOY,CHRISTSANIE TAMAYO', 5, 2, 1, 0, 'SHS'),
(192, 0, 'TAHA,HADZNA MOHAMMAD', 5, 2, 0, 0, 'SHS'),
(193, 0, 'TANADOR,GRECHEL', 5, 2, 1, 0, 'SHS'),
(194, 0, 'VILLAFANIA,ERICA MAE CABUTIN', 5, 2, 1, 0, 'SHS'),
(195, 0, 'YO,JERVIC HO', 5, 2, 1, 0, 'SHS'),
(196, 0, 'ABUBO,DIVINE GRACE LABASTILLA', 4, 2, 1, 0, 'SHS'),
(197, 0, 'ALIH,ROHIYA HASIM', 4, 2, 1, 0, 'SHS'),
(198, 0, 'ALVAREZ,IRA KIM MANONGAS', 4, 2, 1, 0, 'SHS'),
(199, 0, 'ANOYA,JOANNA MARIE MABANAL', 4, 2, 1, 0, 'SHS'),
(200, 0, 'ASMAD,JAHRA PAISAL', 4, 2, 0, 0, 'SHS'),
(201, 0, 'AUGUSTO,AINA - MAE SAUDI', 4, 2, 0, 0, 'SHS'),
(202, 0, 'BANGOD,CRISTALCEAR ESCALA', 4, 2, 0, 0, 'SHS'),
(203, 0, 'BAYBAY,DANIEL JAYCO COROS', 4, 2, 0, 0, 'SHS'),
(204, 0, 'BERNARDO,DANIZELLE KAYE CADOCOY', 4, 2, 1, 0, 'SHS'),
(205, 0, 'BONBON,ANGELICA LEMERA', 4, 2, 1, 0, 'SHS'),
(206, 0, 'CABAGUA,CHABELITA', 4, 2, 0, 0, 'SHS'),
(207, 0, 'CANILLO,ANALIZA', 4, 2, 1, 0, 'SHS'),
(208, 0, 'CAPIN,MELDRED LUCEÑO', 4, 2, 0, 0, 'SHS'),
(209, 0, 'CELSO,SHERLY ANN BALIGASAN', 4, 2, 1, 0, 'SHS'),
(210, 0, 'CLARITO,DIVINA JANE USAMA', 4, 2, 1, 0, 'SHS'),
(211, 0, 'CORBO,ACE CLAPANO', 4, 2, 1, 0, 'SHS'),
(212, 0, 'CUARESMA,KRISEL BONGOLO', 4, 2, 1, 0, 'SHS'),
(213, 0, 'DELA TORRE,CHARISMA GRANADA', 4, 2, 1, 0, 'SHS'),
(214, 0, 'DELA VEGA,JUSTINE ROSE ALCORIZA', 4, 2, 0, 0, 'SHS'),
(215, 0, 'DIO,MARYJANE SOPOSO', 4, 2, 1, 0, 'SHS'),
(216, 0, 'DIONGSON,FATIMAE SALMIN', 4, 2, 1, 0, 'SHS'),
(217, 0, 'EYAS,LESLIE FRANCISCO', 4, 2, 1, 0, 'SHS'),
(218, 0, 'FERNANDEZ,KRISTINA CASANDRA SALIMBOT', 4, 2, 1, 0, 'SHS'),
(219, 0, 'FLORES,JENNA MEA FE MACROHON', 4, 2, 1, 0, 'SHS'),
(220, 0, 'GABALDA,LYCA D', 4, 2, 1, 0, 'SHS'),
(221, 0, 'GUTIERREZ,YVONNE SORIANO', 4, 2, 1, 0, 'SHS'),
(222, 0, 'JIMENEZ,JERRIMAE QUITOY', 4, 2, 0, 0, 'SHS'),
(223, 0, 'JOAQUINO,AL - JEAN OLAYRA', 4, 2, 0, 0, 'SHS'),
(224, 0, 'KARAY,HUDZJAIFA BAGINDA', 4, 2, 0, 0, 'SHS'),
(225, 0, 'MONTEMAYOR,DAWNGHIE MAGLASANG', 4, 2, 1, 0, 'SHS'),
(226, 0, 'MOSTERO,VIANCA CLAIRE DELA CRUZ', 4, 2, 0, 0, 'SHS'),
(227, 0, 'MUKAIL,EVILYN SADI', 4, 2, 0, 0, 'SHS'),
(228, 0, 'OCAY,MCALVIN PAUL DACARA', 4, 2, 0, 0, 'SHS'),
(229, 0, 'PATAYON,CHRISTEL MAE FALCATAN', 4, 2, 1, 0, 'SHS'),
(230, 0, 'ROSAS,CATHY ZARATE', 4, 2, 0, 0, 'SHS'),
(231, 0, 'SAMLA,GHEMAR YUSUP', 4, 2, 0, 0, 'SHS'),
(232, 0, 'SEBASTIAN,LUIS ALAIN JALON', 4, 2, 1, 0, 'SHS'),
(233, 0, 'SUGANOB,CALVEN TROY BONIFACIO', 4, 2, 1, 0, 'SHS'),
(234, 0, 'UBO,PANISEL ALCOREZA', 4, 2, 0, 0, 'SHS'),
(235, 0, 'ALBANI,NADZWA GAPPAD', 17, 2, 1, 0, 'SHS'),
(236, 0, 'ALIVAR,KIMBERLY CALVO', 17, 2, 1, 0, 'SHS'),
(237, 0, 'AMIN,HUSNA AKILAN', 17, 2, 0, 0, 'SHS'),
(238, 0, 'ANGELADA,JOBELLE PALOMILLO', 17, 2, 1, 0, 'SHS'),
(239, 0, 'ANSAY,MARJORIE B', 17, 2, 1, 0, 'SHS'),
(240, 0, 'APATAN,MANILYN NERI', 17, 2, 0, 0, 'SHS'),
(241, 0, 'BACASMAS,LOUIE JAMES', 17, 2, 1, 0, 'SHS'),
(242, 0, 'BAKIL,MAYSAL BORJA', 17, 2, 1, 0, 'SHS'),
(243, 0, 'BAROSO,JOHN LLOYD TORRES', 17, 2, 1, 0, 'SHS'),
(244, 0, 'BASA,ARSHIEDA BALADJI', 17, 2, 1, 0, 'SHS'),
(245, 0, 'BAYONETA,RUBEEFEA TEVES', 17, 2, 1, 0, 'SHS'),
(246, 0, 'BONGABONG,MARY GRACE DIPAY', 17, 2, 1, 0, 'SHS'),
(247, 0, 'BONIFACIO,JHOANNA ROSE ORDITOR', 17, 2, 1, 0, 'SHS'),
(248, 0, 'CONOT,GLAUDINE', 17, 2, 1, 0, 'SHS'),
(249, 0, 'CUNOT,ELAINE DIABO', 17, 2, 1, 0, 'SHS'),
(250, 0, 'DE LA CERNA,JENEVY MONTEALTO', 17, 2, 1, 0, 'SHS'),
(251, 0, 'DELOS SANTOS,ALLONTO MAGLANGIT', 17, 2, 1, 0, 'SHS'),
(252, 0, 'FAHMIE,OMAR KAHALAN', 17, 2, 1, 0, 'SHS'),
(253, 0, 'FAISAL,AIZHA SALASA', 17, 2, 1, 0, 'SHS'),
(254, 0, 'FALCASANTOS,JOHANNA MARIE PORMENTO', 17, 2, 1, 0, 'SHS'),
(255, 0, 'FRANCISCO,JOSHUA JONEL DAMALERIO', 17, 2, 1, 0, 'SHS'),
(256, 0, 'FRANCISCO,KRYSSCHELLE ALAPAN', 17, 2, 1, 0, 'SHS'),
(257, 0, 'GERMINAL,NESTMAR VERA', 17, 2, 1, 0, 'SHS'),
(258, 0, 'HASSAN,SAADIYA MAHABASSAL', 17, 2, 1, 0, 'SHS'),
(259, 0, 'HORNALES,LORRIE JAYNE DALIPE', 17, 2, 1, 0, 'SHS'),
(260, 0, 'JAINUDDIN,NUR-AIN SENCIL', 17, 2, 0, 0, 'SHS'),
(261, 0, 'JIMBANG,FERADZMA KABRAN', 17, 2, 0, 0, 'SHS'),
(262, 0, 'MAMARINTA,ANTHONY FUENTES', 17, 2, 1, 0, 'SHS'),
(263, 0, 'MARIANO,DANIELA VENEZUELA', 17, 2, 0, 0, 'SHS'),
(264, 0, 'OBIERA,LOYD SANCHEZ', 17, 2, 0, 0, 'SHS'),
(265, 0, 'PARILLA,ODESSA AMOR MANGUBAT', 17, 2, 1, 0, 'SHS'),
(266, 0, 'PATOC,JONEL BRYAN ABING', 17, 2, 1, 0, 'SHS'),
(267, 0, 'PUYONG,BRYAN QUIJANO', 17, 2, 1, 0, 'SHS'),
(268, 0, 'QUINIQUITO,RUBY BERNARDO', 17, 2, 1, 0, 'SHS'),
(269, 0, 'SIDNEY,MARIA ELITHA YVONNE ROPEZ', 17, 2, 1, 0, 'SHS'),
(270, 0, 'SILVERIO,ARJAY ARANAN', 17, 2, 0, 0, 'SHS'),
(271, 0, 'TAN,NICOLE MARIE WEE', 17, 2, 1, 0, 'SHS'),
(272, 0, 'TANGKIAN,TRISHA JANE ENERO', 17, 2, 1, 0, 'SHS'),
(273, 0, 'TOMOAY,OMAR - SHARRIFF DELLOSO', 17, 2, 1, 0, 'SHS'),
(274, 0, 'ABDULHAN,LIZAWATI K', 10, 2, 1, 0, 'SHS'),
(275, 0, 'AHAMAD,ADZREEN ABOGA-A', 10, 2, 0, 0, 'SHS'),
(276, 0, 'ALBANI,JENEDEVY MIDEL', 10, 2, 1, 0, 'SHS'),
(277, 0, 'ALCORIZA,ROBETA ALMIÑANA', 10, 2, 1, 0, 'SHS'),
(278, 0, 'AVELINO,JOANA JOYCE RUBIO', 10, 2, 0, 0, 'SHS'),
(279, 0, 'BOLASITO,REY SUZANNE ALCORIZA', 10, 2, 1, 0, 'SHS'),
(280, 0, 'BRIONES,GLESILLE JOY', 10, 2, 0, 0, 'SHS'),
(281, 0, 'BUCOY,VANGERIN ALVIAR', 10, 2, 0, 0, 'SHS'),
(282, 0, 'CAPOTILLA,RUFFAMAE MAG - ASO', 10, 2, 0, 0, 'SHS'),
(283, 0, 'CAÑETE,CRISTELL ANN FRANCISCO', 10, 2, 0, 0, 'SHS'),
(284, 0, 'CONTAPAY,CECILE GORON', 10, 2, 1, 0, 'SHS'),
(285, 0, 'DEMECILLO,MARYWAYNE', 10, 2, 0, 0, 'SHS'),
(286, 0, 'DICHITANG,JULINA KASIM', 10, 2, 1, 0, 'SHS'),
(287, 0, 'DOMINGO,RODJIEBEL FERNANDEZ', 10, 2, 0, 0, 'SHS'),
(288, 0, 'FORTICH,PRINCES MAE MARIBONG', 10, 2, 1, 0, 'SHS'),
(289, 0, 'GASCON,MYLYN ELTAGON', 10, 2, 1, 0, 'SHS'),
(290, 0, 'HENG,CHINNY-LYN MENDOZA', 10, 2, 1, 0, 'SHS'),
(291, 0, 'IJID,HAREIJIN IBBA', 10, 2, 1, 0, 'SHS'),
(292, 0, 'ITURALDE,FERNANDO JOSE SEGOVIA', 10, 2, 0, 0, 'SHS'),
(293, 0, 'JAITUN,NARZA UJOD', 10, 2, 1, 0, 'SHS'),
(294, 0, 'JALAL,KALAH SANUK', 10, 2, 1, 0, 'SHS'),
(295, 0, 'JAMAD,NADIYA BACOLOD', 10, 2, 1, 0, 'SHS'),
(296, 0, 'JAMAD,NURAISA BACOLOD', 10, 2, 1, 0, 'SHS'),
(297, 0, 'KALAYAKAN,CHARMAINE HAYUDINI', 10, 2, 1, 0, 'SHS'),
(298, 0, 'LACASTESANTOS,LIZZA MAE CALALANG', 10, 2, 1, 0, 'SHS'),
(299, 0, 'MARAVILLA,LAIKKA CAÑERO', 10, 2, 1, 0, 'SHS'),
(300, 0, 'MISTUL,SHAINA PRINCESS CABAYACRUZ', 10, 2, 1, 0, 'SHS'),
(301, 0, 'MONTIROLA,RIZAMIE ENDRINA', 10, 2, 1, 0, 'SHS'),
(302, 0, 'OLITRES,ASTERLIE JOY INSONG', 10, 2, 0, 0, 'SHS'),
(303, 0, 'PARAGAS,KRISTELLE FRANCISCO', 10, 2, 0, 0, 'SHS'),
(304, 0, 'RAFON,JOLINA FAILAMAN', 10, 2, 1, 0, 'SHS'),
(305, 0, 'ROSAL,ANGELICA CALUNUD', 10, 2, 1, 0, 'SHS'),
(306, 0, 'SAAVEDRA,MICAELLA GABELO', 10, 2, 1, 0, 'SHS'),
(307, 0, 'SABADDIN,SITTI SHAIDA HAVRE', 10, 2, 1, 0, 'SHS'),
(308, 0, 'SABIALA,FATIMA - HADZRA SADDALANI', 10, 2, 0, 0, 'SHS'),
(309, 0, 'SADJARUL,SHERNALYN SAPPARI', 10, 2, 1, 0, 'SHS'),
(310, 0, 'SANTIAGO,BABY JEAN CAPARRO', 10, 2, 1, 0, 'SHS'),
(311, 0, 'TAN,ANGELYN ANGGOT', 10, 2, 1, 0, 'SHS'),
(312, 0, 'TANGGOTI,ADAWIYA SULTAN', 10, 2, 1, 0, 'SHS'),
(313, 0, 'URBODA,MECHIE DAGUISON', 10, 2, 0, 0, 'SHS'),
(314, 0, 'ABANTE,ANGELICA OGANG', 8, 3, 0, 0, 'SHS'),
(315, 0, 'ABDURAUF,MERSIDA ASLAPAL', 8, 3, 0, 0, 'SHS'),
(316, 0, 'ALIH,ALNASER J', 8, 3, 0, 0, 'SHS'),
(317, 0, 'ALVAREZ,LUCY ESPERAT', 8, 3, 1, 0, 'SHS'),
(318, 0, 'AMBITOH,NORMALYN SABDAIN', 8, 3, 0, 0, 'SHS'),
(319, 0, 'AMIN,REHLA AJAHUM', 8, 3, 0, 0, 'SHS'),
(320, 0, 'ARAJAN,MERHAMA SALAPUDDIN', 8, 3, 0, 0, 'SHS'),
(321, 0, 'ARASANI,NEVEA AIRA BACABAC', 8, 3, 0, 0, 'SHS'),
(322, 0, 'AWALI,SITTI AIDA MIRAFUENTE', 8, 3, 1, 0, 'SHS'),
(323, 0, 'CAÑETE,JANELLE JINDAM', 8, 3, 1, 0, 'SHS'),
(324, 0, 'DAMASULI,RENSON JAMES CANDIDO', 8, 3, 0, 0, 'SHS'),
(325, 0, 'DURIE,FATIMA JUAILA ALLAMA', 8, 3, 0, 0, 'SHS'),
(326, 0, 'ESTRADA,MARIA RICANELROSS APOSTOL', 8, 3, 1, 0, 'SHS'),
(327, 0, 'FONTANILLA,ROGELYN NIETO', 8, 3, 0, 0, 'SHS'),
(328, 0, 'GEROLAGA,JERIME DIVINAGRACIA', 8, 3, 0, 0, 'SHS'),
(329, 0, 'GONZALES,KAREN JEAN FERNANDO', 8, 3, 0, 0, 'SHS'),
(330, 0, 'HAPAT,MARIE ANN PAGOTAISIDRO', 8, 3, 1, 0, 'SHS'),
(331, 0, 'JAMIL,WINDIA HAMMIS', 8, 3, 1, 0, 'SHS'),
(332, 0, 'JIHAY,AHMADCHISTI MOHAMMAD', 8, 3, 0, 0, 'SHS'),
(333, 0, 'LIGA,ROSAMIE LAPUT', 8, 3, 0, 0, 'SHS'),
(334, 0, 'LIMPALAN,MA. JOVANNAH', 8, 3, 1, 0, 'SHS'),
(335, 0, 'LUNTOD,TEPHANE LOVERN BANILLA', 8, 3, 0, 0, 'SHS'),
(336, 0, 'MACAPLA,JELAYCA CLETO', 8, 3, 0, 0, 'SHS'),
(337, 0, 'MACAS,CHRISTINE JOYCE', 8, 3, 0, 0, 'SHS'),
(338, 0, 'MAPILI,CHELSEA MARIE', 8, 3, 1, 0, 'SHS'),
(339, 0, 'MARTINEZ,JAYMARK OROT', 8, 3, 1, 0, 'SHS'),
(340, 0, 'MOHAMMAD,RIDZMAR ALBANI', 8, 3, 1, 0, 'SHS'),
(341, 0, 'NAVARRO,KIMBERLY KATE TUBAN', 8, 3, 1, 0, 'SHS'),
(342, 0, 'OQUIAS,SARAH GRACE PRIERTO', 8, 3, 1, 0, 'SHS'),
(343, 0, 'PAYAT,CHARMAINE TUBIL', 8, 3, 1, 0, 'SHS'),
(344, 0, 'PUGOT,JENIA AMOR RAZ', 8, 3, 1, 0, 'SHS'),
(345, 0, 'REYES,JEFRYL MAE BENIGA', 8, 3, 1, 0, 'SHS'),
(346, 0, 'SAKILAN,ANNA VIA SESTINA', 8, 3, 1, 0, 'SHS'),
(347, 0, 'SALIH,STEPHANIE CRISTAL MAE ANNAN', 8, 3, 1, 0, 'SHS'),
(348, 0, 'SALVADOR,JOSHUA MARTINEZ', 8, 3, 1, 0, 'SHS'),
(349, 0, 'SAMSON,ARGIRA AMILASAN', 8, 3, 1, 0, 'SHS'),
(350, 0, 'SETON,LESRIE JOY POLVOS', 8, 3, 0, 0, 'SHS'),
(351, 0, 'SUHAIDE,FATIMA RAIZA JULPI', 8, 3, 1, 0, 'SHS'),
(352, 0, 'UDDA,PATRALYN HAJAD', 8, 3, 0, 0, 'SHS'),
(353, 0, 'UDDIN,ALSIMAR ASANI', 8, 3, 0, 0, 'SHS'),
(354, 0, 'VIZARRA,MARIZ ATILANO', 8, 3, 1, 0, 'SHS'),
(355, 0, 'ABAD,IZA JEAN AWID', 27, 3, 1, 0, 'SHS'),
(356, 0, 'BALAIMAN,DANA HAMJA', 27, 3, 1, 0, 'SHS'),
(357, 0, 'BENTOY,JOSHUA SEBASTIAN', 27, 3, 1, 0, 'SHS'),
(358, 0, 'DELA ROSA,IVY GRACE TESORO', 27, 3, 1, 0, 'SHS'),
(359, 0, 'DESIDERIO,GEMAR MARICOL', 27, 3, 1, 0, 'SHS'),
(360, 0, 'FIDEL,APRIL ROSE SARMIENTO', 27, 3, 1, 0, 'SHS'),
(361, 0, 'FRANCISCO,JULIA HERRERA', 27, 3, 1, 0, 'SHS'),
(362, 0, 'HADJIRAINI,FATIMA HUDAYA ARADAIS', 27, 3, 0, 0, 'SHS'),
(363, 0, 'NANQUIL,GIL - ANN ORTEGA', 27, 3, 0, 0, 'SHS'),
(364, 0, 'OYAO,MELVIN MAVERICK FRANCISCO', 27, 3, 1, 0, 'SHS'),
(365, 0, 'TAMBAG,DAVE STEVE SARDAN', 27, 3, 1, 0, 'SHS'),
(366, 0, 'TOLEDO,FLORLET CHARITY PAGATPAT', 27, 3, 1, 0, 'SHS'),
(367, 0, 'ADAM,JEBAR HARULLA', 24, 13, 1, 0, 'SHS'),
(368, 0, 'ADEVA,GRACE IVY LIMEN', 24, 13, 0, 0, 'SHS'),
(369, 0, 'BALITON,JENA CRISELLE FALCASANTOS', 24, 13, 1, 0, 'SHS'),
(370, 0, 'BALUARTE,JEZELLE ANN SAES', 24, 13, 1, 0, 'SHS'),
(371, 0, 'CIRCULADO,IRISH DIANE DAVID', 24, 13, 1, 0, 'SHS'),
(372, 0, 'DE ASIS,REV MATTHEW RIVERA', 24, 13, 0, 0, 'SHS'),
(373, 0, 'DELA CRUZ,EMMANUEL PERMITES', 24, 13, 1, 0, 'SHS'),
(374, 0, 'DUYUNGAN,EZRA BLASE', 24, 13, 0, 0, 'SHS'),
(375, 0, 'ENCARNADA,ROWEN ABUCAY', 24, 13, 0, 0, 'SHS'),
(376, 0, 'FERNANDO,PAMELA MAE PUYAWAN', 24, 13, 1, 0, 'SHS'),
(377, 0, 'GOMEZ,PATRICIA MAE TOMATAO', 24, 13, 1, 0, 'SHS'),
(378, 0, 'GREGORIO,JEROME DELA CRUZ', 24, 13, 0, 0, 'SHS'),
(379, 0, 'HAKIM,ABDUL BASIR ABDULLA', 24, 13, 0, 0, 'SHS'),
(380, 0, 'IRABON,ROMEL MARK BULAGAO', 24, 13, 1, 0, 'SHS'),
(381, 0, 'JAINUDDIN,ISRAH ALIH', 24, 13, 0, 0, 'SHS'),
(382, 0, 'KONG,ALMUDZRIN ANNIH', 24, 13, 0, 0, 'SHS'),
(383, 0, 'LIMEN,ERICA MAY GAGANAOCRUZ', 24, 13, 0, 0, 'SHS'),
(384, 0, 'LIMEN,MARJORIE MACASO', 24, 13, 1, 0, 'SHS'),
(385, 0, 'MADRID Jr.,ALLAN ASO', 24, 13, 0, 0, 'SHS'),
(386, 0, 'MANCAO,MONIQUE', 24, 13, 0, 0, 'SHS'),
(387, 0, 'MOHAMMAD,ALWHEENA ROSE CRUZ', 24, 13, 1, 0, 'SHS'),
(388, 0, 'MOLINA,ARGIE SAGADJAD', 24, 13, 0, 0, 'SHS'),
(389, 0, 'MONTANO,MOHAMMAD GLENN SARTE', 24, 13, 1, 0, 'SHS'),
(390, 0, 'PADUA,MARIXIE RAMOS', 24, 13, 0, 0, 'SHS'),
(391, 0, 'PORTUITO,SILVER JOV E', 24, 13, 0, 0, 'SHS'),
(392, 0, 'QUIBILAN,QUENNIE LEONARDO', 24, 13, 1, 0, 'SHS'),
(393, 0, 'QUIMSON,MARY CHRISTYNE DAGONDON', 24, 13, 1, 0, 'SHS'),
(394, 0, 'RANOCO,MAYFLOR', 24, 13, 0, 0, 'SHS'),
(395, 0, 'SANTOSILDES,JOHN CARLSON GONZAGA', 24, 13, 1, 0, 'SHS'),
(396, 0, 'SERVANO,KIMBERLY ADVINCULA', 24, 13, 1, 0, 'SHS'),
(397, 0, 'SOGRADIEL,JAENELLE MACARIO', 24, 13, 1, 0, 'SHS'),
(398, 0, 'TAGAN,KENNETH JAUCULAN', 24, 13, 1, 0, 'SHS'),
(399, 0, 'TAWA,ABDULBASIT JALALI', 24, 13, 0, 0, 'SHS'),
(400, 0, 'TILOG,BENEDICT VAN RAMILLANO', 24, 13, 1, 0, 'SHS'),
(401, 0, 'TORRES,JACK HASSIM', 24, 13, 1, 0, 'SHS'),
(402, 0, 'VALERIANO,LIZAMAY LIMEN', 24, 13, 0, 0, 'SHS'),
(403, 0, 'VENUS,DELLAN BARUNDAY', 24, 13, 0, 0, 'SHS'),
(404, 0, 'YUSOF,TIRMIDJI ASARI', 24, 13, 1, 0, 'SHS'),
(405, 0, 'BACO,ANDREI LEEYAN SANOY', 11, 13, 1, 0, 'SHS'),
(406, 0, 'BAID,RICKY JANITO', 11, 13, 0, 0, 'SHS'),
(407, 0, 'BALBASTRO,ELECIEL FAITH BEQUILLA', 11, 13, 1, 0, 'SHS'),
(408, 0, 'BIGTASIN,BRYAN ORTIZ', 11, 13, 0, 0, 'SHS'),
(409, 0, 'BIGTASIN,GLEMMAR ORTIZ', 11, 13, 0, 0, 'SHS'),
(410, 0, 'BLASI,JOBERT TAMONANG', 11, 13, 0, 0, 'SHS'),
(411, 0, 'CABUCTOLAN,BRYAN JAMES CUSTODIO', 11, 13, 1, 0, 'SHS'),
(412, 0, 'CABURNAY,EARL JOSEPH LIM', 11, 13, 0, 0, 'SHS'),
(413, 0, 'CAPILLO,REIGN JOHN BARIQUIT', 11, 13, 1, 0, 'SHS'),
(414, 0, 'DELASAN,CHRISTINE SHANE LIM', 11, 13, 0, 0, 'SHS'),
(415, 0, 'DIATAS,MARYJANE PARAJADO', 11, 13, 0, 0, 'SHS'),
(416, 0, 'EMBODO,CATHERINE NIEVES', 11, 13, 0, 0, 'SHS'),
(417, 0, 'FRANCISCO,KRYSSMARK ALAPAN', 11, 13, 0, 0, 'SHS'),
(418, 0, 'GABASA,NOELYN DATAS', 11, 13, 0, 0, 'SHS'),
(419, 0, 'JAGORIN,ROSE ABIGAIL DALOGA - OG', 11, 13, 0, 0, 'SHS'),
(420, 0, 'JAMSANI,SANDRALYN OPAO', 11, 13, 1, 0, 'SHS'),
(421, 0, 'LABADO,ROSEL RAMOS', 11, 13, 0, 0, 'SHS'),
(422, 0, 'LIM,MAE ANN MALIC', 11, 13, 1, 0, 'SHS'),
(423, 0, 'MAHALLI,CEMBRAISERL LIM', 11, 13, 1, 0, 'SHS'),
(424, 0, 'OLMEDO,EXPEDITA VILLANUEVA', 11, 13, 1, 0, 'SHS'),
(425, 0, 'ORALDE,CHARLOTA', 11, 13, 0, 0, 'SHS'),
(426, 0, 'PAGSUGUIRON,HAZEL ANN KANI', 11, 13, 1, 0, 'SHS'),
(427, 0, 'PREGONERO,MOHAMMAD HALIM', 11, 13, 0, 0, 'SHS'),
(428, 0, 'RIVERA,EDMUND ROSS TOLO', 11, 13, 0, 0, 'SHS'),
(429, 0, 'SIMOSA,ROMEO PARAJADO', 11, 13, 1, 0, 'SHS'),
(430, 0, 'TARROZA,AL - LORENCE JAY QUIRANTE', 11, 13, 1, 0, 'SHS'),
(431, 0, 'TRIPLITT,KIMBERLY ANGELES', 11, 13, 0, 0, 'SHS'),
(432, 0, 'TULANG,RIC JAYSON ORTEGA', 11, 13, 0, 0, 'SHS'),
(433, 0, 'ALFECHE,JANICE PADILLA', 26, 12, 1, 0, 'SHS'),
(434, 0, 'ALVAREZ,DARIUS DAV ENRIQUEZ', 26, 12, 0, 0, 'SHS'),
(435, 0, 'AMDAL,RIDZKHAN ADIL', 26, 12, 0, 0, 'SHS'),
(436, 0, 'BAYA,NOVAMAY VICTORIO', 26, 12, 1, 0, 'SHS'),
(437, 0, 'BOJOS,MAICKA SISNO', 26, 12, 1, 0, 'SHS'),
(438, 0, 'CASINILLO,JONEL GAGARACRUZ', 26, 12, 0, 0, 'SHS'),
(439, 0, 'EBARAT,PHRYLE EAN PANDALAN', 26, 12, 0, 0, 'SHS'),
(440, 0, 'FRANCISCO,FRANZY BELLE BOTAS', 26, 12, 1, 0, 'SHS'),
(441, 0, 'GINES,JESSA', 26, 12, 0, 0, 'SHS'),
(442, 0, 'LIM,IBRAHIM YUSUP', 26, 12, 0, 0, 'SHS'),
(443, 0, 'MAHINAY,JAY - AR AGOSTO', 26, 12, 1, 0, 'SHS'),
(444, 0, 'MANUEL,RALPH RAVEN JALOSJOS', 26, 12, 0, 0, 'SHS'),
(445, 0, 'MENDOZA,CHARLIE SALVADOR', 26, 12, 0, 0, 'SHS'),
(446, 0, 'NARAWI,RIDZMAR MATUGAS', 26, 12, 1, 0, 'SHS'),
(447, 0, 'OZARAGA,JHONRYL Q', 26, 12, 1, 0, 'SHS'),
(448, 0, 'PACLIBAR,JOSE CARLOS RIVERA', 26, 12, 0, 0, 'SHS'),
(449, 0, 'PAGASIAN,JERALD DELACRUZ', 26, 12, 1, 0, 'SHS'),
(450, 0, 'PUASANI,ERHAM KANN SAHISA', 26, 12, 1, 0, 'SHS'),
(451, 0, 'RAMOS,JERALD', 26, 12, 0, 0, 'SHS'),
(452, 0, 'ROYO,DAVID MAR TUMBAGAHAN', 26, 12, 1, 0, 'SHS'),
(453, 0, 'SAAVEDRA,JONAS TORIBIO', 26, 12, 0, 0, 'SHS'),
(454, 0, 'SALVADOR,ARJAY ATILANO', 26, 12, 0, 0, 'SHS'),
(455, 0, 'SANGOGOT Jr.,ALDRIN JALAS', 26, 12, 0, 0, 'SHS'),
(456, 0, 'VILLALOBOS,NEIL NUÑEZ', 26, 12, 0, 0, 'SHS'),
(457, 0, 'ACOYADO,LALAINE LIAWAN', 9, 14, 0, 0, 'SHS'),
(458, 0, 'AGUEDAN,REIVIN ALFARO', 9, 14, 1, 0, 'SHS'),
(459, 0, 'ANTAWE,JOVINNIE JHON BASTADOR', 9, 14, 0, 0, 'SHS'),
(460, 0, 'ATILANO,BRIAN JAMES ODCHIMAR', 9, 14, 1, 0, 'SHS'),
(461, 0, 'BANICO,ELYSH MARC AGRESOR', 9, 14, 0, 0, 'SHS'),
(462, 0, 'BASCONES,LEONEL FLOYD ALDJESA', 9, 14, 0, 0, 'SHS'),
(463, 0, 'BONGAT,MARK CHRISTIAN TORRES', 9, 14, 1, 0, 'SHS'),
(464, 0, 'BUHAWE,CHRISTIAN ERWIN LUNA', 9, 14, 0, 0, 'SHS'),
(465, 0, 'CATAGUE,ADRIAN CLAUDE', 9, 14, 1, 0, 'SHS'),
(466, 0, 'DARONG,AL-MUNZIR ABDULKARIM', 9, 14, 0, 0, 'SHS'),
(467, 0, 'DELA CERNA,MARJORIE HECHANOVA', 9, 14, 0, 0, 'SHS'),
(468, 0, 'DELA CRUZ,JOEL RAMONES', 9, 14, 0, 0, 'SHS'),
(469, 0, 'DIMASUAY,ARAMY NICAR', 9, 14, 1, 0, 'SHS'),
(470, 0, 'FAUSTINO,ALWIN RAFAELA', 9, 14, 1, 0, 'SHS'),
(471, 0, 'FELICIO,UVANI MIAO', 9, 14, 1, 0, 'SHS'),
(472, 0, 'GARINGAN,BINLADEN JUHURI', 9, 14, 0, 0, 'SHS'),
(473, 0, 'HALIDDAN,ROVILYN RADDUL', 9, 14, 0, 0, 'SHS'),
(474, 0, 'HALIDDAN,VERNALYN RADDUL', 9, 14, 0, 0, 'SHS'),
(475, 0, 'HALIL,SHEKAR MAALUM', 9, 14, 0, 0, 'SHS'),
(476, 0, 'HASSAN,LYKA', 9, 14, 0, 0, 'SHS'),
(477, 0, 'JACKARAIN,MOHAMAD YASSER JAMASALI', 9, 14, 0, 0, 'SHS'),
(478, 0, 'JAMBRE,ROD C', 9, 14, 0, 0, 'SHS'),
(479, 0, 'JAMBRE,TEDDY C', 9, 14, 0, 0, 'SHS'),
(480, 0, 'LARIOSA,NICOLE JOHN GUMILLING', 9, 14, 0, 0, 'SHS'),
(481, 0, 'LIM,NIKO GARCIA', 9, 14, 0, 0, 'SHS'),
(482, 0, 'MATLIH,ANGELIE IGNACIO', 9, 14, 1, 0, 'SHS'),
(483, 0, 'PACULANAN,RICKY BOY ANDICO', 9, 14, 0, 0, 'SHS'),
(484, 0, 'PADUA,ROBERT MILES RAMOS', 9, 14, 1, 0, 'SHS'),
(485, 0, 'PARAISO,MICHAEL ANGELO', 9, 14, 0, 0, 'SHS'),
(486, 0, 'PEDRERA,JEROL DEL ROSARIO', 9, 14, 1, 0, 'SHS'),
(487, 0, 'PITOH,ARJA LUMBOG', 9, 14, 0, 0, 'SHS'),
(488, 0, 'QUIMINTAN,HEINZ AERRON MORONES', 9, 14, 0, 0, 'SHS'),
(489, 0, 'SAKALURAN,FERDAUS SAUTI', 9, 14, 0, 0, 'SHS'),
(490, 0, 'SALAPUDDIN,AL-HIZAM BASSAL', 9, 14, 0, 0, 'SHS'),
(491, 0, 'SALAS,JETHRO REN SARDANI', 9, 14, 1, 0, 'SHS'),
(492, 0, 'SANSON,ARON', 9, 14, 0, 0, 'SHS'),
(493, 0, 'SANTOS,LOYD ANGELO CARIAGA', 9, 14, 1, 0, 'SHS'),
(494, 0, 'SAPLAN,PIA ANGEL', 9, 14, 1, 0, 'SHS'),
(495, 0, 'TAMON,VANIE MAE ABELLON', 9, 14, 0, 0, 'SHS'),
(496, 0, 'TAN,MARIA CHARLYN DIVINAORACIA', 9, 14, 0, 0, 'SHS'),
(497, 0, 'TORRES,JESTONI TRUITA', 9, 14, 1, 0, 'SHS'),
(498, 0, 'TUMALON,AARON LEVI TARROZA', 9, 14, 0, 0, 'SHS'),
(499, 0, 'ANDALES,ANGELICA ASPERGA', 13, 1, 0, 0, 'SHS'),
(500, 0, 'ARING,FERWINA TANING', 13, 1, 0, 0, 'SHS'),
(501, 0, 'AUSTERO,GILBERT GUMAHIN', 13, 1, 1, 0, 'SHS'),
(502, 0, 'AVENIDO,MORENA LEINETH YANGCO', 13, 1, 0, 0, 'SHS'),
(503, 0, 'BALLOVAR,RHEA MAE GALBAN', 13, 1, 0, 0, 'SHS'),
(504, 0, 'BAYANI,HAFIZA AMRAN', 13, 1, 1, 0, 'SHS'),
(505, 0, 'BELTRAN,JAYSON FRANCISCO', 13, 1, 1, 0, 'SHS'),
(506, 0, 'BONTIGAO,PRINCESS SULTAN', 13, 1, 1, 0, 'SHS'),
(507, 0, 'CASIMIRO,VHEEN CARLL BOOK', 13, 1, 0, 0, 'SHS'),
(508, 0, 'CLARETE,MITCHIE ALAYON', 13, 1, 0, 0, 'SHS'),
(509, 0, 'CRUZ,FRANCHELLE ABASTILLAS', 13, 1, 0, 0, 'SHS'),
(510, 0, 'DEBALUCOS,MIRA MAE MONTEBON', 13, 1, 0, 0, 'SHS'),
(511, 0, 'HALIM,BELY AMBITOH', 13, 1, 0, 0, 'SHS'),
(512, 0, 'IBNO,AHMAD RABAGO', 13, 1, 1, 0, 'SHS'),
(513, 0, 'IBRAHIM,ADZWAN BITINGUN', 13, 1, 1, 0, 'SHS'),
(514, 0, 'ISMAEL,NURMINA OMAR', 13, 1, 0, 0, 'SHS'),
(515, 0, 'JAJI,MARISOL HADJIRUL', 13, 1, 1, 0, 'SHS'),
(516, 0, 'JALANI,MOHAMMAD FAISAL HASSAN', 13, 1, 0, 0, 'SHS'),
(517, 0, 'LIBRERO,GEENA GLAINE JAALAIN', 13, 1, 0, 0, 'SHS'),
(518, 0, 'LOZANO,CHRISTIAN JOSHUA RODRIGUEZ', 13, 1, 1, 0, 'SHS'),
(519, 0, 'NODALO,DARYL SORSONE', 13, 1, 1, 0, 'SHS'),
(520, 0, 'ODICTA,LIWAY LACUNA', 13, 1, 0, 0, 'SHS'),
(521, 0, 'PASANTE,ERICA FABIAN', 13, 1, 1, 0, 'SHS'),
(522, 0, 'POTENCIANO,JAYBEE RAMILLANO', 13, 1, 0, 0, 'SHS'),
(523, 0, 'RAMOS,JERIC DE', 13, 1, 1, 0, 'SHS'),
(524, 0, 'RAQUEL,DIANNE REVILLAS', 13, 1, 0, 0, 'SHS'),
(525, 0, 'RENDAL,RHAZLY JANE TORIBIO', 13, 1, 0, 0, 'SHS'),
(526, 0, 'ROTE,CHARRY MAE MERCOLINO', 13, 1, 1, 0, 'SHS'),
(527, 0, 'ROY,ALVIE JOY DESABILLE', 13, 1, 1, 0, 'SHS'),
(528, 0, 'SABANDAL,ABDULRAUFF PIDO', 13, 1, 0, 0, 'SHS'),
(529, 0, 'SABIRAN,AL - MUJAHEED SAHI', 13, 1, 1, 0, 'SHS'),
(530, 0, 'SALAPUDDIN,ALDIMAR AKBAR', 13, 1, 0, 0, 'SHS'),
(531, 0, 'SALAZAR,JENELYN MAGAMAY', 13, 1, 1, 0, 'SHS'),
(532, 0, 'SALIH,JHIHAN MISTUL', 13, 1, 1, 0, 'SHS'),
(533, 0, 'SAMAON,ARAPAT SABTURANI', 13, 1, 0, 0, 'SHS'),
(534, 0, 'SIERRA,JOHN RUPERT LUCERO', 13, 1, 1, 0, 'SHS'),
(535, 0, 'SUCLOM,LHEA MACALISANG', 13, 1, 0, 0, 'SHS'),
(536, 0, 'TUBAN,JAMES KARL CALLAO', 13, 1, 1, 0, 'SHS'),
(537, 0, 'VENDIOLA,NOREL JAY-R BOWON', 13, 1, 0, 0, 'SHS'),
(538, 0, 'ABDULLAH,MARSHAIDA AMIL', 406, 1, 0, 0, 'SHS'),
(539, 0, 'ABDURAJA,ALFAID HUSSAM', 406, 1, 1, 0, 'SHS'),
(540, 0, 'ABSARA,FAIZA TOTOH', 406, 1, 1, 0, 'SHS'),
(541, 0, 'ALIBBON,MOHAMMAD ALJON JACIBON', 406, 1, 0, 0, 'SHS'),
(542, 0, 'ALPASAIN,RASHIBA JALAL', 406, 1, 0, 0, 'SHS'),
(543, 0, 'AMIGOS,ANTONETTE SALAPAR', 406, 1, 0, 0, 'SHS'),
(544, 0, 'AMIGOS,SHIRLYN SALAPAR', 406, 1, 0, 0, 'SHS'),
(545, 0, 'BASIL,AL-AZIZ DAUD', 406, 1, 0, 0, 'SHS'),
(546, 0, 'BRILLANTES,JAYBOY ARDENIO', 406, 1, 0, 0, 'SHS'),
(547, 0, 'CATIPAY,FEL JOSEPH QUINADA', 406, 1, 0, 0, 'SHS'),
(548, 0, 'CODOY,ANN PRINCESS ANDO', 406, 1, 0, 0, 'SHS'),
(549, 0, 'CONCEPCION,MA. EDELIZ MANALO', 406, 1, 0, 0, 'SHS'),
(550, 0, 'DACUBA,KATE FABE', 406, 1, 0, 0, 'SHS'),
(551, 0, 'DELOS SANTOS,JEBONG ANGSA', 406, 1, 0, 0, 'SHS'),
(552, 0, 'DELOS SANTOS,JOEY QUITOY', 406, 1, 1, 0, 'SHS'),
(553, 0, 'DINGCONG,CIARUS DIM MARAVILIAS', 406, 1, 0, 0, 'SHS'),
(554, 0, 'DOLLOSO,MOH. BARQAT OHMAR REYES', 406, 1, 1, 0, 'SHS'),
(555, 0, 'GALVEZ,KERVEE GEROME MENDOZA', 406, 1, 0, 0, 'SHS'),
(556, 0, 'HADJIRUL,SABTURIA PANAGGA', 406, 1, 0, 0, 'SHS'),
(557, 0, 'JUL,DATU JULDAWANG MUNDOC', 406, 1, 1, 0, 'SHS'),
(558, 0, 'JULKANAIN,CINDY TEJANO', 406, 1, 1, 0, 'SHS'),
(559, 0, 'JUNAIDE,JENIMAR DELAROSA', 406, 1, 0, 0, 'SHS'),
(560, 0, 'LAVAROZA,KENT BRAIL LUCAY LUCAY', 406, 1, 0, 0, 'SHS'),
(561, 0, 'MARFIL,NERISSA JOY RAÑA', 406, 1, 0, 0, 'SHS'),
(562, 0, 'MAYUGBA,CYNTHIA CAPUNOL', 406, 1, 0, 0, 'SHS'),
(563, 0, 'MUSA,ALFHAIZ PINGLI', 406, 1, 0, 0, 'SHS'),
(564, 0, 'NAIM,JONIEMAR ALAM', 406, 1, 0, 0, 'SHS'),
(565, 0, 'PATIÑO,ROXANNE ROCA', 406, 1, 1, 0, 'SHS'),
(566, 0, 'PUASANI,NASRUN ERILIS', 406, 1, 0, 0, 'SHS'),
(567, 0, 'RAMIREZ,JOHN-VINCENT IGNACIO', 406, 1, 0, 0, 'SHS'),
(568, 0, 'RENDON,DAISY', 406, 1, 1, 0, 'SHS'),
(569, 0, 'SALAHUDDIN,MISHAL ARABI', 406, 1, 1, 0, 'SHS'),
(570, 0, 'SALI,RASHEDIN', 406, 1, 0, 0, 'SHS'),
(571, 0, 'SALVADOR,MARWIN VEGA', 406, 1, 1, 0, 'SHS'),
(572, 0, 'SARIOL,AL - RASHID MANGKABONG', 406, 1, 0, 0, 'SHS'),
(573, 0, 'SORIA,REY RACHO', 406, 1, 1, 0, 'SHS'),
(574, 0, 'TAHIL,JUNIMAR SABDANI', 406, 1, 0, 0, 'SHS'),
(575, 0, 'TUMENEZ,ROSELYN LOCULAN', 406, 1, 1, 0, 'SHS'),
(576, 0, 'TUTTUH Jr.,FAISAL RADJULI', 406, 1, 0, 0, 'SHS'),
(577, 0, 'VALENCIA,CARYL FAYE TUBILAG', 406, 1, 0, 0, 'SHS'),
(578, 0, 'ABSARA,KADZRI MAGASA', 7, 1, 0, 0, 'SHS'),
(579, 0, 'ANTIOLA,APRIL MAE SECRETARIO', 7, 1, 0, 0, 'SHS'),
(580, 0, 'APOLINARIO,JAHN MA VIANNEY MADRAZO', 7, 1, 0, 0, 'SHS'),
(581, 0, 'ARBELERA,CHARLES LOUI', 7, 1, 1, 0, 'SHS'),
(582, 0, 'AYTIN,JOSHUA ROLDAN', 7, 1, 0, 0, 'SHS'),
(583, 0, 'BALAHIM,ERIC IBNO', 7, 1, 1, 0, 'SHS'),
(584, 0, 'BALDESIMO,NEOMELYN TRIBUNALO', 7, 1, 1, 0, 'SHS'),
(585, 0, 'BUCOY,NEIL JOHN ALVAREZ', 7, 1, 0, 0, 'SHS'),
(586, 0, 'CABANSAY,KRIS JANE YO', 7, 1, 0, 0, 'SHS'),
(587, 0, 'CANILLO,RONALD', 7, 1, 1, 0, 'SHS'),
(588, 0, 'CARPIO,JOEZERK APOLINARIO', 7, 1, 1, 0, 'SHS'),
(589, 0, 'CAWASA,CHRISTIAN MARK', 7, 1, 1, 0, 'SHS'),
(590, 0, 'CLARETE,MARIA THERESA OLAYON', 7, 1, 0, 0, 'SHS'),
(591, 0, 'CUIZON,LOVELYN HIOLEN', 7, 1, 1, 0, 'SHS'),
(592, 0, 'DE ZENA,SHARMANE DAGAYLOAN', 7, 1, 1, 0, 'SHS'),
(593, 0, 'ESGUERRA,JAN ERICK LIBORES', 7, 1, 0, 0, 'SHS'),
(594, 0, 'EVANGELISTA,KIM DWIGHT ACHAME', 7, 1, 1, 0, 'SHS'),
(595, 0, 'GACUTAN Jr.,ARNOLD CABRAS', 7, 1, 1, 0, 'SHS'),
(596, 0, 'GRAPIA,CHERIE OMPILI', 7, 1, 1, 0, 'SHS'),
(597, 0, 'GREGORIO,KAYCCELYN BUCOY', 7, 1, 0, 0, 'SHS'),
(598, 0, 'GREGORIO,SHANAYA HASSAN', 7, 1, 1, 0, 'SHS'),
(599, 0, 'GULAM,AL-JIMAR WADJAD', 7, 1, 1, 0, 'SHS'),
(600, 0, 'JAKARIA,SHAIRA IBRAHIM', 7, 1, 1, 0, 'SHS'),
(601, 0, 'JAKIRAN,MARYDAR DELA CRUZ', 7, 1, 0, 0, 'SHS'),
(602, 0, 'KARIM,NUR-MINA GAPPAD', 7, 1, 0, 0, 'SHS'),
(603, 0, 'LAUPPAH,ANDY CZAR USMAN', 7, 1, 1, 0, 'SHS'),
(604, 0, 'LEOCARIO,HONEYLOU PAMATIAN', 7, 1, 1, 0, 'SHS'),
(605, 0, 'MAQUILAN,BRYAN CABATO', 7, 1, 0, 0, 'SHS'),
(606, 0, 'MONTILLANO,VENCH RUSSEL BATOSALEM', 7, 1, 1, 0, 'SHS'),
(607, 0, 'MONTUERTO,PAUL ALLEN REVILLAS', 7, 1, 0, 0, 'SHS'),
(608, 0, 'ORSABIA,SHELAMAE CODO', 7, 1, 0, 0, 'SHS'),
(609, 0, 'PARDILLO,MILA ADLAON', 7, 1, 1, 0, 'SHS'),
(610, 0, 'PEREZ,MARY ANTOINETTE PARAGAS', 7, 1, 1, 0, 'SHS'),
(611, 0, 'RODRIGUEZ,RAY ANN AGUILAR', 7, 1, 1, 0, 'SHS'),
(612, 0, 'SANOPAO,THERICMARK R', 7, 1, 0, 0, 'SHS'),
(613, 0, 'SANTIAGO,CHELSEA ROSETTE MORTERA', 7, 1, 1, 0, 'SHS'),
(614, 0, 'SIBALA,JACKELYN ATIENZA', 7, 1, 0, 0, 'SHS'),
(615, 0, 'SUSULAN,RADZMIR DALAWIS', 7, 1, 0, 0, 'SHS'),
(616, 0, 'TIMOD,VIC-LOYD T', 7, 1, 0, 0, 'SHS'),
(617, 0, 'VELORO,ABRISALYN', 7, 1, 1, 0, 'SHS'),
(618, 0, 'ABUBAKAR,FADZRIA MANGGONA', 407, 1, 0, 0, 'SHS'),
(619, 0, 'BAETA,GENETTE DAMASO', 407, 1, 1, 0, 'SHS'),
(620, 0, 'BALANSAG,RENAISON DEL ROSARIO', 407, 1, 0, 0, 'SHS'),
(621, 0, 'BARING,JOANA WAHAB', 407, 1, 0, 0, 'SHS'),
(622, 0, 'BORDNER,EDLOUIS DACARA', 407, 1, 1, 0, 'SHS'),
(623, 0, 'CABRERA,JACK MILES FRANCISCO', 407, 1, 0, 0, 'SHS'),
(624, 0, 'CARTIN,JERIC SANSON', 407, 1, 0, 0, 'SHS'),
(625, 0, 'CRISOSTOMO,MICHAEL CLARK GARCING', 407, 1, 0, 0, 'SHS'),
(626, 0, 'DELOS REYES,CHRISTIAN JAY ALFARO', 407, 1, 1, 0, 'SHS'),
(627, 0, 'DELOS REYES,LIZA MAE BERNARDO', 407, 1, 0, 0, 'SHS'),
(628, 0, 'DEQUE,KRIS ANGELO', 407, 1, 0, 0, 'SHS'),
(629, 0, 'DICEN,RALPH RHEYBEN ROMO', 407, 1, 0, 0, 'SHS'),
(630, 0, 'ENRIQUEZ,KENT DAVY FALCASANTOS', 407, 1, 0, 0, 'SHS'),
(631, 0, 'EPAN,RHEA GAYLE SOLIS', 407, 1, 1, 0, 'SHS'),
(632, 0, 'ESCOBAR,MER RAMOS', 407, 1, 1, 0, 'SHS'),
(633, 0, 'FERNANDO,CHRISTINE MAE TAYCO', 407, 1, 0, 0, 'SHS'),
(634, 0, 'GASPAR,MARINELLA ELMENZO', 407, 1, 1, 0, 'SHS'),
(635, 0, 'HUSSIN,JHONALYN', 407, 1, 0, 0, 'SHS'),
(636, 0, 'IBNO,RHAISA DIMALALUAN', 407, 1, 0, 0, 'SHS'),
(637, 0, 'LACAY,NERRIE JOYCE LABASTIIDA', 407, 1, 1, 0, 'SHS'),
(638, 0, 'LOCSON,JENREI ERICA ANASTACIO', 407, 1, 1, 0, 'SHS'),
(639, 0, 'MANUEL,JOEMARI LACASTESANTOS', 407, 1, 0, 0, 'SHS'),
(640, 0, 'MERCADO,JELLEY ENCILAY', 407, 1, 1, 0, 'SHS'),
(641, 0, 'METUDA,JASBEL DELA CRUZ', 407, 1, 1, 0, 'SHS'),
(642, 0, 'MIRANDA,PHIL - MAR ANTONIO', 407, 1, 1, 0, 'SHS'),
(643, 0, 'MUHARANI,ALKUDARI TAUD', 407, 1, 0, 0, 'SHS'),
(644, 0, 'NAGA,GENESIS BARSICULA', 407, 1, 1, 0, 'SHS'),
(645, 0, 'NOLHANI,TIARA TOTOH', 407, 1, 0, 0, 'SHS'),
(646, 0, 'OLE,WILBERTO REGONDOLA', 407, 1, 1, 0, 'SHS'),
(647, 0, 'ORITO,MARK ANTHONY LACASTESANTOS', 407, 1, 1, 0, 'SHS'),
(648, 0, 'PATRIS,CELINE JOY HERMOSO', 407, 1, 1, 0, 'SHS'),
(649, 0, 'PINDOLAS,CHRIST MARIE G', 407, 1, 0, 0, 'SHS'),
(650, 0, 'QUIJANO,HADRIAN KALAM', 407, 1, 0, 0, 'SHS'),
(651, 0, 'RIVERA,MEELLEINE ALVIAR', 407, 1, 1, 0, 'SHS'),
(652, 0, 'SABDANI,FATIMA UMMAL', 407, 1, 0, 0, 'SHS'),
(653, 0, 'SAIRAL,MARISSA JAIRIL', 407, 1, 1, 0, 'SHS'),
(654, 0, 'SAWADJAAN,PATRICIA JAMIRI', 407, 1, 0, 0, 'SHS'),
(655, 0, 'SOLIS,VANESSA JANE ALABATA', 407, 1, 1, 0, 'SHS'),
(656, 0, 'SULAIMAN,ADZMAN ISNAIN', 407, 1, 0, 0, 'SHS'),
(657, 0, 'TAUP,ALKADARI HAJAL', 407, 1, 0, 0, 'SHS'),
(658, 0, 'ALCALA,JAMES BILLY OGDAMINA', 3, 1, 1, 0, 'SHS'),
(659, 0, 'ALFAD,SHERNALYN ANTONIO', 3, 1, 0, 0, 'SHS'),
(660, 0, 'ARANETA,MARK ANTHONEY ENOC', 3, 1, 0, 0, 'SHS'),
(661, 0, 'ARRANGUEZ,ANGELICA MARCIAL', 3, 1, 0, 0, 'SHS'),
(662, 0, 'ASTILLERO,HAZEL MAY DUHAYLUNGSOD', 3, 1, 0, 0, 'SHS'),
(663, 0, 'ATIOLLA,HANNA LESLIE ASAALI', 3, 1, 1, 0, 'SHS'),
(664, 0, 'BARAZON,SHEENA MAE SAMSON', 3, 1, 1, 0, 'SHS'),
(665, 0, 'CODIOM,NEZAN MAE SALENGA', 3, 1, 1, 0, 'SHS'),
(666, 0, 'CUEVAS,MARVIN DIAZ', 3, 1, 1, 0, 'SHS'),
(667, 0, 'DALIS,MUAMAR DARA', 3, 1, 1, 0, 'SHS'),
(668, 0, 'ENOLPE,AL JOHN BUCATAO', 3, 1, 0, 0, 'SHS'),
(669, 0, 'FALCASANTOS,MARIANNE', 3, 1, 1, 0, 'SHS'),
(670, 0, 'FRANCISCO,MITCHEL ERIKA ATILANO', 3, 1, 1, 0, 'SHS'),
(671, 0, 'GERONIMO,KRISTA LAINE BENITO', 3, 1, 1, 0, 'SHS'),
(672, 0, 'GUEVARA,LESLIE ANN NERZA', 3, 1, 1, 0, 'SHS'),
(673, 0, 'GUEVARA,SHELLAMAE S', 3, 1, 1, 0, 'SHS'),
(674, 0, 'IBRAHIM,KEIRHAIMER MAHATALLA', 3, 1, 1, 0, 'SHS'),
(675, 0, 'IBRAHIM,KENNYMER MAHATULLA', 3, 1, 1, 0, 'SHS'),
(676, 0, 'ISA,BHINLADIN IDRIS', 3, 1, 1, 0, 'SHS'),
(677, 0, 'ISIC,EIDEL MARIE ROJAS', 3, 1, 0, 0, 'SHS'),
(678, 0, 'KING,MELANIE SAMMAN', 3, 1, 0, 0, 'SHS'),
(679, 0, 'LUNA,RHEA ANGELIKA RAVAL', 3, 1, 1, 0, 'SHS'),
(680, 0, 'MUNARI,UMAIDI HAMJAIN', 3, 1, 1, 0, 'SHS'),
(681, 0, 'NAVALES,ROCELYN FRANCISCO', 3, 1, 1, 0, 'SHS'),
(682, 0, 'NAVARRO,BERNADETTE', 3, 1, 1, 0, 'SHS'),
(683, 0, 'PARCON,CRISABEL FRANCISCO', 3, 1, 0, 0, 'SHS'),
(684, 0, 'REYES,PINKIE DAMIAN', 3, 1, 0, 0, 'SHS'),
(685, 0, 'RIBAN,ABUSUFRI JARAHA', 3, 1, 1, 0, 'SHS'),
(686, 0, 'SADJAIL,SHERILYN GREGORIO', 3, 1, 1, 0, 'SHS'),
(687, 0, 'SAGUBAN,NERISSA MOHAMMAD', 3, 1, 1, 0, 'SHS'),
(688, 0, 'SAKANDAL,JIMSHAR NADJALI', 3, 1, 0, 0, 'SHS'),
(689, 0, 'TARROZA,ROSABEL ANNE', 3, 1, 0, 0, 'SHS'),
(690, 0, 'TORRES,ADRIEL TAALA', 3, 1, 1, 0, 'SHS'),
(691, 0, 'UBA,ROVIC MAGNO', 3, 1, 1, 0, 'SHS'),
(692, 0, 'VILIRAN,ARMINA ARABI', 3, 1, 1, 0, 'SHS'),
(693, 0, 'YUSUP,JASER MORTALES', 3, 1, 0, 0, 'SHS'),
(694, 0, 'ABDUSALAM,MOHAMMAD ALIH - REEZA SALAPUDDIN', 408, 1, 1, 0, 'SHS'),
(695, 0, 'ABUNDO,ZYRENZE JAY TABAY', 408, 1, 1, 0, 'SHS'),
(696, 0, 'ALABATA,BERNADETH RIO', 408, 1, 1, 0, 'SHS'),
(697, 0, 'ALIBASA,NURHIDAYA JALAL', 408, 1, 0, 0, 'SHS'),
(698, 0, 'APELANIO,JAY-AR TARUC', 408, 1, 1, 0, 'SHS'),
(699, 0, 'ARENAS,BERNADETTE ZANE ENRIQUEZ', 408, 1, 1, 0, 'SHS'),
(700, 0, 'BAES,JUDY AL QUIÑO', 408, 1, 1, 0, 'SHS'),
(701, 0, 'BAHANA,ARNEL FREJOLES', 408, 1, 0, 0, 'SHS'),
(702, 0, 'BELLO,SHANIA NATHALIE FERRER', 408, 1, 1, 0, 'SHS'),
(703, 0, 'CABAYACRUZ,JAYMARK FRANCISCO', 408, 1, 0, 0, 'SHS'),
(704, 0, 'CABAYACRUZ,MARLOU BAGNOL', 408, 1, 1, 0, 'SHS'),
(705, 0, 'CRUZ,VIA CARMELA BIGLETE', 408, 1, 1, 0, 'SHS'),
(706, 0, 'DAMILES,MARGARETH GALVEZ', 408, 1, 1, 0, 'SHS'),
(707, 0, 'DELLOVA,CHARLEMAGNE REYES', 408, 1, 1, 0, 'SHS'),
(708, 0, 'DURAN,KYLE GEEN SAGRADO', 408, 1, 0, 0, 'SHS'),
(709, 0, 'ERAN,JEFF EMMANUEL PALGAN', 408, 1, 1, 0, 'SHS'),
(710, 0, 'FRANCISCO,PATRICIA JANE INDAGACAN', 408, 1, 0, 0, 'SHS'),
(711, 0, 'HIPOLITO,REYNAN BANCIL', 408, 1, 0, 0, 'SHS'),
(712, 0, 'MALIK,NUR-AIN TANDA', 408, 1, 1, 0, 'SHS'),
(713, 0, 'MAMATON,JULAIKA AHMAD', 408, 1, 1, 0, 'SHS'),
(714, 0, 'MONERAL,NIÑO JERIC SERRANO', 408, 1, 0, 0, 'SHS'),
(715, 0, 'NAPOLEREYES,CAMILLE TABAMO', 408, 1, 1, 0, 'SHS'),
(716, 0, 'NURON,MUDERY LUMIGIS', 408, 1, 1, 0, 'SHS'),
(717, 0, 'PAGOTAISIDRO,DAVE ALAS', 408, 1, 0, 0, 'SHS'),
(718, 0, 'PATRIMONIO,ELLA SANTOS', 408, 1, 1, 0, 'SHS'),
(719, 0, 'PAULINO,AILENE MENDOZA', 408, 1, 1, 0, 'SHS'),
(720, 0, 'SAIDUL,SITTI NEFFRELLA ALDEMA', 408, 1, 0, 0, 'SHS'),
(721, 0, 'SALAS,MIA LYRA SARDANI', 408, 1, 1, 0, 'SHS'),
(722, 0, 'SALIHUN,JALIHA ISMAEL', 408, 1, 0, 0, 'SHS'),
(723, 0, 'TANBELDA,MA. CECILIA ISABEL GARCIA', 408, 1, 1, 0, 'SHS'),
(724, 0, 'TANDA,ALNAJIR ESNEROL', 408, 1, 1, 0, 'SHS'),
(725, 0, 'VENTUSA,LOUIE LABOTERO', 408, 1, 0, 0, 'SHS'),
(726, 0, 'ABRAHAM,SITTI - ANRADA AHAMAD', 21, 1, 1, 0, 'SHS'),
(727, 0, 'ALEJANDRO,GERVIN ANDICO', 21, 1, 0, 0, 'SHS'),
(728, 0, 'ALVAREZ,CHRISTIAN JOSEPH GONZALES', 21, 1, 1, 0, 'SHS'),
(729, 0, 'ANGARA,MHEA MAE MARIANNE', 21, 1, 0, 0, 'SHS'),
(730, 0, 'ATILANO,KRISTEL JOYCE MONTECILLO', 21, 1, 1, 0, 'SHS'),
(731, 0, 'BAJAMONDE,EVA SUBLIE', 21, 1, 1, 0, 'SHS'),
(732, 0, 'BARREDO,KAREN MANUEL', 21, 1, 1, 0, 'SHS'),
(733, 0, 'BOHOLST,MARIEL FAITH LIM', 21, 1, 1, 0, 'SHS'),
(734, 0, 'CABATING,MARY JOY PEQUIRO', 21, 1, 1, 0, 'SHS'),
(735, 0, 'CALLEJA,MARK RUSSEL CARAMIJAN', 21, 1, 1, 0, 'SHS'),
(736, 0, 'CAÑETE,BIL JOHN AMENE', 21, 1, 1, 0, 'SHS'),
(737, 0, 'COLLANTES,ANGEL GABRIEL', 21, 1, 1, 0, 'SHS'),
(738, 0, 'DELOS REYES,DANNIELLE BERNARDO', 21, 1, 1, 0, 'SHS'),
(739, 0, 'DIAZ,RONABETH GARCIA', 21, 1, 1, 0, 'SHS'),
(740, 0, 'ESTOCAPIO,AILA JEAN CLEMENTE', 21, 1, 1, 0, 'SHS'),
(741, 0, 'FALCASANTOS,MILLENE OLARTE', 21, 1, 1, 0, 'SHS'),
(742, 0, 'FRANCISCO,MIKEE ARABIS', 21, 1, 1, 0, 'SHS'),
(743, 0, 'GONZALES,MA. CRISSHA GEL ALEJANDRO', 21, 1, 1, 0, 'SHS'),
(744, 0, 'HADJIRUL,SHAINA MASAE', 21, 1, 0, 0, 'SHS'),
(745, 0, 'LAUREL,DESIRE DESTINY MANALO', 21, 1, 1, 0, 'SHS'),
(746, 0, 'LILI,CHRISZEL JESZRAH SANTANDER', 21, 1, 1, 0, 'SHS'),
(747, 0, 'MALIG - ON,NUR - AIN LAPINIG', 21, 1, 0, 0, 'SHS'),
(748, 0, 'MARCIAL,JULIET CRAUSUS', 21, 1, 1, 0, 'SHS'),
(749, 0, 'MONTECINO,EMMANUEL LICCO', 21, 1, 1, 0, 'SHS'),
(750, 0, 'NASALUN,FAIZA UDDIN', 21, 1, 0, 0, 'SHS'),
(751, 0, 'NATIVIDAD,MICHELLE SOTOMIL', 21, 1, 0, 0, 'SHS'),
(752, 0, 'OBEDENCIA,JEMA MAGLANGIT', 21, 1, 1, 0, 'SHS'),
(753, 0, 'PABON,JAN ACE FERNANDEZ', 21, 1, 1, 0, 'SHS'),
(754, 0, 'PABUNAN,LIZETTE JOY SESTINA', 21, 1, 0, 0, 'SHS'),
(755, 0, 'PACLIBAR,JESSA DAGOHOY', 21, 1, 1, 0, 'SHS'),
(756, 0, 'PAJARITO,SHEILA MAE MARCELINO', 21, 1, 0, 0, 'SHS'),
(757, 0, 'PENDERGAT,JAMES', 21, 1, 1, 0, 'SHS'),
(758, 0, 'RESURRECCION,ALDRIN APOLINARIO', 21, 1, 1, 0, 'SHS'),
(759, 0, 'RESURRECCION,SHALLALYN DELOS REYES', 21, 1, 1, 0, 'SHS'),
(760, 0, 'ROXAS,OJDETH VALE AGEAS', 21, 1, 1, 0, 'SHS'),
(761, 0, 'SANOH,AL-SHIMAR KAING', 21, 1, 1, 0, 'SHS'),
(762, 0, 'SEÑOLOS,VAN JEREMY BASAN', 21, 1, 0, 0, 'SHS'),
(763, 0, 'VALENZUELA,ANDY DELATORE', 21, 1, 1, 0, 'SHS'),
(764, 0, 'VILLANUEVA,BLESS COVARRUBIAS', 21, 1, 1, 0, 'SHS'),
(765, 0, 'VILLANUEVA,JOHNRYL AUMAN', 21, 1, 1, 0, 'SHS'),
(766, 0, 'ABDULLA,MOHAMMAD KHAIR JAKARIA', 409, 1, 1, 0, 'SHS'),
(767, 0, 'BANONG,JOEMARIE BARRETTO', 409, 1, 1, 0, 'SHS'),
(768, 0, 'BANTALA,JOSEPH MARK SALAZAR', 409, 1, 1, 0, 'SHS'),
(769, 0, 'BARBOSA,ERIC REYES', 409, 1, 0, 0, 'SHS'),
(770, 0, 'CADELENIA,MARVIN FERNANDEZ', 409, 1, 1, 0, 'SHS'),
(771, 0, 'CHUA,MARK VINCENT CABALLEZA', 409, 1, 1, 0, 'SHS'),
(772, 0, 'CONTEMPRATE,EMY BABATUAN', 409, 1, 0, 0, 'SHS'),
(773, 0, 'CUARTO CRUZ,RICA', 409, 1, 0, 0, 'SHS'),
(774, 0, 'CUSTODIO,MICHAEL JOHN TULAWI', 409, 1, 0, 0, 'SHS'),
(775, 0, 'DACULAH,BANNY NADJAR DAMMANG', 409, 1, 0, 0, 'SHS'),
(776, 0, 'FRANCISCO,JAMES KHEIL SALON', 409, 1, 0, 0, 'SHS'),
(777, 0, 'HAJAD,ANALYN LADJA', 409, 1, 0, 0, 'SHS'),
(778, 0, 'JAMDANI,JERHAN ANNUAR', 409, 1, 1, 0, 'SHS'),
(779, 0, 'LOZADA,LOUWIS PHILIP EIJANSANTOS', 409, 1, 0, 0, 'SHS'),
(780, 0, 'MACANSANTOS,JERICA EVANGELISTA', 409, 1, 1, 0, 'SHS'),
(781, 0, 'MANAGO,JOSHUA BERANIA', 409, 1, 0, 0, 'SHS'),
(782, 0, 'MIÑOZA,RICHARD PACQUING', 409, 1, 1, 0, 'SHS'),
(783, 0, 'MOLINA,EMMANUEL GUANZON', 409, 1, 0, 0, 'SHS'),
(784, 0, 'NAPALCRUZ,WILMA MENDOZA', 409, 1, 1, 0, 'SHS'),
(785, 0, 'OYOS,KARR VENNEDICK DELUARIARTE', 409, 1, 0, 0, 'SHS'),
(786, 0, 'PEREZ,HANDERSON FRANCISCO', 409, 1, 0, 0, 'SHS'),
(787, 0, 'PONGAN,CHARLIE PACQQUING', 409, 1, 0, 0, 'SHS'),
(788, 0, 'POTENCIANO,JAYMARK CRUZ', 409, 1, 1, 0, 'SHS'),
(789, 0, 'QUITA,MARKHILL REPAL', 409, 1, 1, 0, 'SHS'),
(790, 0, 'REBOLLOS,ROBELYN MACAPAS', 409, 1, 0, 0, 'SHS'),
(791, 0, 'SERADOY,KENNETH ENOC', 409, 1, 0, 0, 'SHS'),
(792, 0, 'SURAID,JEASYBEL JAVA', 409, 1, 1, 0, 'SHS'),
(793, 0, 'UNGANG,YUSOFAHMAD ANUDIN', 409, 1, 0, 0, 'SHS'),
(794, 0, 'ABDULGANI,NAIHMA DANSALAN', 16, 1, 0, 0, 'SHS'),
(795, 0, 'ABDURAKMAN,THALIA UDDIN', 16, 1, 0, 0, 'SHS'),
(796, 0, 'ADOPTANTE,JOHN CARLO SUPERIOR', 16, 1, 0, 0, 'SHS'),
(797, 0, 'ALDENESE,GENESIS GONZALES', 16, 1, 0, 0, 'SHS'),
(798, 0, 'ALIM,SAHARA LAHI', 16, 1, 0, 0, 'SHS'),
(799, 0, 'ANTICAMARA,MARK IAN ARDIENTE', 16, 1, 0, 0, 'SHS'),
(800, 0, 'APORADO,ROGEN MARK DALOCANOG', 16, 1, 0, 0, 'SHS'),
(801, 0, 'ARASAIN,NAYLA HASIM', 16, 1, 0, 0, 'SHS'),
(802, 0, 'BACALANDO,MARCELLIN JAMES ILAGAN', 16, 1, 0, 0, 'SHS'),
(803, 0, 'CAINGLES,RENEROSE LUCAYLUCAY', 16, 1, 0, 0, 'SHS'),
(804, 0, 'DAGAM,AZ - RAHEL ANGKAYA', 16, 1, 0, 0, 'SHS'),
(805, 0, 'DAVID,JULIE ROSE SANTOS', 16, 1, 0, 0, 'SHS'),
(806, 0, 'DELGADO,JULIET TARUC', 16, 1, 0, 0, 'SHS'),
(807, 0, 'DELOS SANTOS,ERICKA JOY JAMILI', 16, 1, 0, 0, 'SHS'),
(808, 0, 'DUEÑAZ,AQUILA MAY NAPARAN', 16, 1, 0, 0, 'SHS'),
(809, 0, 'ETOQUILLA,JAYSON', 16, 1, 0, 0, 'SHS'),
(810, 0, 'FORTALEZA Jr.,JIMMY RIZABA', 16, 1, 1, 0, 'SHS'),
(811, 0, 'FRANCISCO,NEIL STEPHEN', 16, 1, 0, 0, 'SHS'),
(812, 0, 'HALILLULA,MURADA AMON', 16, 1, 0, 0, 'SHS'),
(813, 0, 'IBNO,HUZAIFAH AHMAD', 16, 1, 0, 0, 'SHS'),
(814, 0, 'ISMAEL,ALYESSA SADDAL', 16, 1, 0, 0, 'SHS'),
(815, 0, 'JOVEN,ARLENE GALE GALVEZ', 16, 1, 0, 0, 'SHS'),
(816, 0, 'KADIL,LOUINA VALENCIA', 16, 1, 0, 0, 'SHS'),
(817, 0, 'LAURIE,EDRIC LEGASPI', 16, 1, 0, 0, 'SHS'),
(818, 0, 'MAHINAY,CHRISTINE JOY PELIGRO', 16, 1, 0, 0, 'SHS'),
(819, 0, 'MARBA,KENETH SANTIAGO', 16, 1, 0, 0, 'SHS'),
(820, 0, 'MUSTAFA,JERICK ENID', 16, 1, 1, 0, 'SHS'),
(821, 0, 'PADDAM,AL - YASHIER CABAYACRUZ', 16, 1, 0, 0, 'SHS'),
(822, 0, 'PITOH,OMAR DOKOL', 16, 1, 0, 0, 'SHS'),
(823, 0, 'QUIJANO,ROSEMAY REGALADO', 16, 1, 0, 0, 'SHS'),
(824, 0, 'REYES,EJ ANDREW LOZANO', 16, 1, 0, 0, 'SHS'),
(825, 0, 'ROJAS,RIEZEL JOY LUCIANO', 16, 1, 0, 0, 'SHS'),
(826, 0, 'SAQUIN,BIANCA MAE LAPING', 16, 1, 0, 0, 'SHS'),
(827, 0, 'SERNA,ROSEANN RIZARDO', 16, 1, 0, 0, 'SHS'),
(828, 0, 'SUMONDONG,JEMWARD SUMALINOG', 16, 1, 0, 0, 'SHS'),
(829, 0, 'TANTUAN,NICKO BRYAN', 16, 1, 1, 0, 'SHS'),
(830, 0, 'USMAN,ARNALYN TANDAH', 16, 1, 0, 0, 'SHS'),
(831, 0, 'ZAPANTA,JOMARI HERNANDEZ', 16, 1, 0, 0, 'SHS'),
(832, 0, 'ABALLE,MARY GRACE', 410, 1, 1, 0, 'SHS'),
(833, 0, 'ABDULGANI,ABJAR MUSTAFA', 410, 1, 0, 0, 'SHS'),
(834, 0, 'AKBAR,ABRAHAM ACUÑA', 410, 1, 0, 0, 'SHS'),
(835, 0, 'ALCAIDE,GRACE ACEJAS', 410, 1, 1, 0, 'SHS'),
(836, 0, 'ALIPIN,RAIHAN ABDULLA', 410, 1, 0, 0, 'SHS'),
(837, 0, 'ALVAREZ,JOHN MELSON ACUÑA', 410, 1, 0, 0, 'SHS'),
(838, 0, 'ANONG,MERCILINA KABATO', 410, 1, 0, 0, 'SHS'),
(839, 0, 'ANOTADO,DHENMAR MABATID', 410, 1, 0, 0, 'SHS'),
(840, 0, 'BANGA,CLINTON LUBAYNGA', 410, 1, 0, 0, 'SHS'),
(841, 0, 'BATERNA,CHERRYMAE ASISTER', 410, 1, 0, 0, 'SHS'),
(842, 0, 'BAÑAGA,PAULINE NICOLETTE LEONARDO', 410, 1, 0, 0, 'SHS'),
(843, 0, 'BERNAL,ANDY DIGADONG', 410, 1, 0, 0, 'SHS'),
(844, 0, 'CONSTANTE,VINCE LORDWILL SOLIS', 410, 1, 0, 0, 'SHS'),
(845, 0, 'CUBIO,KENNY EUGENE ARIBE', 410, 1, 0, 0, 'SHS'),
(846, 0, 'DUBLICO,ANGELO REYES', 410, 1, 0, 0, 'SHS'),
(847, 0, 'FLORES,PRINCES JOVY ARIBE', 410, 1, 0, 0, 'SHS'),
(848, 0, 'FRANCISCO,AARON NORIEL ALABAN', 410, 1, 0, 0, 'SHS'),
(849, 0, 'GALABIN,MIKO ANGGA', 410, 1, 0, 0, 'SHS'),
(850, 0, 'GARGANERA,RIEL QUIJANO', 410, 1, 0, 0, 'SHS'),
(851, 0, 'HASIM,JB BRYAN ALLING', 410, 1, 0, 0, 'SHS'),
(852, 0, 'ISMAEL,JAYBIR PORTABIS', 410, 1, 0, 0, 'SHS'),
(853, 0, 'LACASTESANTOS,REY ANTNONY FERNANDEZ', 410, 1, 0, 0, 'SHS'),
(854, 0, 'LASOLA,JASHTINE GIN FRANCISCO', 410, 1, 1, 0, 'SHS'),
(855, 0, 'LORENZO,ALMIRA GUEVARA', 410, 1, 1, 0, 'SHS'),
(856, 0, 'MAHILUM,KENNETH CALLAO', 410, 1, 0, 0, 'SHS'),
(857, 0, 'MORENO,EZEKIEL FRANK LLOYD MEDINA', 410, 1, 1, 0, 'SHS'),
(858, 0, 'ORETA,MARY ANGELICA BASILIO', 410, 1, 0, 0, 'SHS'),
(859, 0, 'PEREZ,JENALYN DAGALEA', 410, 1, 0, 0, 'SHS'),
(860, 0, 'PORLARES,EPHRAIM FERNANDEZ', 410, 1, 0, 0, 'SHS'),
(861, 0, 'RABULAN,STEPHANIE TORRALBA', 410, 1, 0, 0, 'SHS'),
(862, 0, 'REBOLLOS,JENIELYN M', 410, 1, 1, 0, 'SHS'),
(863, 0, 'RELLOSA,JOSHUA FORMILLEZA', 410, 1, 0, 0, 'SHS'),
(864, 0, 'SABANATE,MONICA MUSA', 410, 1, 0, 0, 'SHS'),
(865, 0, 'SAMIRUN,DIANA HADJIRUL', 410, 1, 0, 0, 'SHS'),
(866, 0, 'SEBASTIAN,DANAMAE PAMESA', 410, 1, 0, 0, 'SHS'),
(867, 0, 'SELARAS,CHARLES MICHAEL CHIONG', 410, 1, 0, 0, 'SHS'),
(868, 0, 'SOYME,JEFFERSON GALO', 410, 1, 0, 0, 'SHS'),
(869, 0, 'SUAREZ,DIANA GODINEZ', 410, 1, 0, 0, 'SHS'),
(870, 0, 'TAGHOY,NEIL JAY TORIBIO', 410, 1, 1, 0, 'SHS'),
(871, 0, 'TUBANZA,JERICO BAYLOSIS', 410, 1, 0, 0, 'SHS'),
(872, 0, 'AMARILLO,ANZAR MACAPAGAL', 14, 1, 1, 0, 'SHS'),
(873, 0, 'APOLINARIO,MERTHEL CASTRO', 14, 1, 0, 0, 'SHS'),
(874, 0, 'ARAJANI,ALNASER SABDANI', 14, 1, 0, 0, 'SHS'),
(875, 0, 'ATARA,ZEMAR JUL', 14, 1, 0, 0, 'SHS'),
(876, 0, 'BALUYOT,EDWARD JOSEPH BALINGIT', 14, 1, 1, 0, 'SHS'),
(877, 0, 'BARAHIM,AL-KHALID ALABATA', 14, 1, 0, 0, 'SHS'),
(878, 0, 'BARI,AMIR - FAHAD HADJIRUL', 14, 1, 0, 0, 'SHS'),
(879, 0, 'CABILO,MARIANNE EMOTIN', 14, 1, 0, 0, 'SHS'),
(880, 0, 'CANSECO,CHERRY MAE PERIGO', 14, 1, 1, 0, 'SHS'),
(881, 0, 'DEMCO,MARIFE CARBONA', 14, 1, 1, 0, 'SHS'),
(882, 0, 'FALCASANTOS,MAE ANN DELOS SANTOS', 14, 1, 0, 0, 'SHS'),
(883, 0, 'FRANCISCO,DANICA JOY ATILANO', 14, 1, 0, 0, 'SHS'),
(884, 0, 'FRANCISCO,JHON AIVAN REVILLA', 14, 1, 1, 0, 'SHS'),
(885, 0, 'GONZAGA,EMMANUEL LAPIDARIO', 14, 1, 0, 0, 'SHS'),
(886, 0, 'GONZALES,ANNIE MAE RAMIREZ', 14, 1, 0, 0, 'SHS'),
(887, 0, 'HIPOLITO,SHERMAY VICENTE', 14, 1, 1, 0, 'SHS'),
(888, 0, 'ISMAEL,MASHEER BURUNG', 14, 1, 0, 0, 'SHS'),
(889, 0, 'ITURALDE,CHEZKA PANTALEON', 14, 1, 1, 0, 'SHS'),
(890, 0, 'JULAILI,AHMED SHATER', 14, 1, 0, 0, 'SHS'),
(891, 0, 'KWAN,CHRISTIAN JAMES RENDON', 14, 1, 0, 0, 'SHS'),
(892, 0, 'LAURON,SUNSHINE MAY LIMBAGO', 14, 1, 1, 0, 'SHS'),
(893, 0, 'MADRISTA,KHAREL DAVE ATILANO', 14, 1, 1, 0, 'SHS'),
(894, 0, 'MAGBANUA,JOECELYN A', 14, 1, 1, 0, 'SHS'),
(895, 0, 'MAGHANOY,CYRILLE ZOSI MARIE FAITH', 14, 1, 1, 0, 'SHS'),
(896, 0, 'MORALES,JORJIE CRUZ', 14, 1, 0, 0, 'SHS'),
(897, 0, 'NATIVIDAD,ALEI - ANE JOY FERNANDEZ', 14, 1, 0, 0, 'SHS');
INSERT INTO `tbl_students` (`id`, `studentID`, `studentName`, `sectionID`, `trackID`, `registrationStatus`, `account_id`, `degree`) VALUES
(898, 0, 'NATIVIDAD,XYRELLE MARCELINO', 14, 1, 1, 0, 'SHS'),
(899, 0, 'PAGAURA,KIMBERLIE CATE', 14, 1, 1, 0, 'SHS'),
(900, 0, 'PALER,TERRY TINDOC', 14, 1, 0, 0, 'SHS'),
(901, 0, 'PINCIAO,ABNIEL WALID SAID', 14, 1, 1, 0, 'SHS'),
(902, 0, 'PULIDO,CHRISTIAN JAMES DELA CRUZ', 14, 1, 1, 0, 'SHS'),
(903, 0, 'ROSAL,ARMAN ACABAL', 14, 1, 1, 0, 'SHS'),
(904, 0, 'SADDALANI,SHERINA MAE TASHMYN ROMERO', 14, 1, 1, 0, 'SHS'),
(905, 0, 'SALAZAR,CHABELITA MELON', 14, 1, 1, 0, 'SHS'),
(906, 0, 'TINGUHA,YVAN JOE LAS PIÑAS', 14, 1, 1, 0, 'SHS'),
(907, 0, 'TUBLE,VHENEZEL SAPUAN', 14, 1, 0, 0, 'SHS'),
(908, 0, 'VALENZUELA,JOUANA BOLDADORA', 14, 1, 1, 0, 'SHS'),
(909, 0, 'ABDURASAD,MOHAIR SAM JUNGAO', 19, 1, 0, 0, 'SHS'),
(910, 0, 'AJALAL,NASRA NULUDDIN', 19, 1, 0, 0, 'SHS'),
(911, 0, 'ALEOZA,JOHN CHRYSTER GRAMPON', 19, 1, 1, 0, 'SHS'),
(912, 0, 'ALVARADO,LYRA LUCHIE BARRICA', 19, 1, 0, 0, 'SHS'),
(913, 0, 'ANGKAYA,FATIMA ALEJANDRO', 19, 1, 1, 0, 'SHS'),
(914, 0, 'APOLINARIO,KIMBERLY DOÑOS', 19, 1, 0, 0, 'SHS'),
(915, 0, 'ARADO,ABRILLE CUERVO', 19, 1, 1, 0, 'SHS'),
(916, 0, 'BANING,ALMAHDIE ALBA', 19, 1, 0, 0, 'SHS'),
(917, 0, 'BLAS,JEA GUITAO', 19, 1, 1, 0, 'SHS'),
(918, 0, 'BUGTO,ANGELO SUBING - SUBING', 19, 1, 1, 0, 'SHS'),
(919, 0, 'CAPUNO,APRIL JOY FUTALAM', 19, 1, 1, 0, 'SHS'),
(920, 0, 'DAGODOG,SHAN - RAI SAMUYAG', 19, 1, 0, 0, 'SHS'),
(921, 0, 'DIAZ,JOEL INDINO', 19, 1, 1, 0, 'SHS'),
(922, 0, 'DULLA,DIANA AHAJAN', 19, 1, 0, 0, 'SHS'),
(923, 0, 'EBOL,KIMBERLY COROS', 19, 1, 0, 0, 'SHS'),
(924, 0, 'ESPINOSA,RAZEL CANTERE', 19, 1, 1, 0, 'SHS'),
(925, 0, 'FRANCISCO,RICOJAY ENRIQUEZ', 19, 1, 0, 0, 'SHS'),
(926, 0, 'GUERRERO,MARTIN MARIANO', 19, 1, 0, 0, 'SHS'),
(927, 0, 'HADANI,SAADA JAIYARI', 19, 1, 0, 0, 'SHS'),
(928, 0, 'JABAGAT,JOCEL CUSTODIO', 19, 1, 0, 0, 'SHS'),
(929, 0, 'JAINAL,FARHAISA SAHIBUDDIN', 19, 1, 1, 0, 'SHS'),
(930, 0, 'JULHALIM,ALKARIB HAMSI', 19, 1, 0, 0, 'SHS'),
(931, 0, 'LADJAGANI,AL - MIDZMAR JARAMI', 19, 1, 0, 0, 'SHS'),
(932, 0, 'LEGARIA,SHIELA MAE ESPINOSA', 19, 1, 0, 0, 'SHS'),
(933, 0, 'MACASINAG,RAFAEL JEREMIE DELA CRUZ', 19, 1, 1, 0, 'SHS'),
(934, 0, 'MERIN,MA. CHERRY JOYCE QUILATON', 19, 1, 0, 0, 'SHS'),
(935, 0, 'MIGUEL,MICHELLE JAVELLANA', 19, 1, 0, 0, 'SHS'),
(936, 0, 'MORALES,RUBEN CARLOE CALUMPONG', 19, 1, 0, 0, 'SHS'),
(937, 0, 'MORITO,RINALYN BANDOQUILLO', 19, 1, 0, 0, 'SHS'),
(938, 0, 'MUSAD,FATIMA AIZA IBNO', 19, 1, 0, 0, 'SHS'),
(939, 0, 'PANGASIAN,ANGELICA JOY FLORES', 19, 1, 0, 0, 'SHS'),
(940, 0, 'REDULA,EIGHTYL YUNGOT', 19, 1, 1, 0, 'SHS'),
(941, 0, 'RESURRECCION,REAJANE', 19, 1, 0, 0, 'SHS'),
(942, 0, 'RODRIGUEZ,KENNETH GABANA', 19, 1, 0, 0, 'SHS'),
(943, 0, 'RUBIA,ANGEL ROSE', 19, 1, 0, 0, 'SHS'),
(944, 0, 'SABBURANI,FATIMA GHERRA DADDIH', 19, 1, 0, 0, 'SHS'),
(945, 0, 'SAHIDDA,SHERMALYN ABUHASSAN', 19, 1, 0, 0, 'SHS'),
(946, 0, 'SEBASTIAN,ABIGAIL LIMBAGA', 19, 1, 0, 0, 'SHS'),
(947, 0, 'SOLITARIO,KEITH REXON CONDE', 19, 1, 0, 0, 'SHS'),
(948, 0, 'SURBANO,YVES RESURRECCION', 19, 1, 0, 0, 'SHS'),
(949, 0, 'TIMBUL,SANRA INTAY', 19, 1, 0, 0, 'SHS'),
(950, 0, 'USMAN,PATRINA ABDULHAMID', 19, 1, 0, 0, 'SHS'),
(951, 0, 'VILLANUEVA,DRANREB MARK YUSAINI', 19, 1, 1, 0, 'SHS'),
(952, 0, 'ADA,ARNICK RHYAN SAHADAIN', 23, 1, 0, 0, 'SHS'),
(953, 0, 'AJANAB,RUBAIYAH ABDULMUTALIB', 23, 1, 1, 0, 'SHS'),
(954, 0, 'AMPAH,NEJEMA NANING', 23, 1, 0, 0, 'SHS'),
(955, 0, 'BALUCA,KENNETH GALLOS', 23, 1, 0, 0, 'SHS'),
(956, 0, 'BANALO,CANDY LARA JANE', 23, 1, 0, 0, 'SHS'),
(957, 0, 'BASILIO,JEROMARK CADAY', 23, 1, 1, 0, 'SHS'),
(958, 0, 'BUHISAN,BENJHEMHAR SALAHUDDIN', 23, 1, 1, 0, 'SHS'),
(959, 0, 'CAJOTE,APRIL ROSE BALASABAS', 23, 1, 0, 0, 'SHS'),
(960, 0, 'CATAROS,JENNYLEEN MANOBA', 23, 1, 0, 0, 'SHS'),
(961, 0, 'CATUBIG,ERNEST GIEROME APOLINARIO', 23, 1, 0, 0, 'SHS'),
(962, 0, 'DIZON,FHARAH MHEY TEJERO', 23, 1, 0, 0, 'SHS'),
(963, 0, 'EDARI,WADZNA JALILUL', 23, 1, 0, 0, 'SHS'),
(964, 0, 'ESCUDERO,REYMOND RYAN TORIBIO', 23, 1, 1, 0, 'SHS'),
(965, 0, 'ESTEVES,MELANIE HUMONONG', 23, 1, 0, 0, 'SHS'),
(966, 0, 'FRANCISCO,RHEALYN BELLOTENDOS', 23, 1, 1, 0, 'SHS'),
(967, 0, 'GABUCAN,MARIEL SANTIAGO', 23, 1, 1, 0, 'SHS'),
(968, 0, 'HALIL,NERHAIZA MOHAMMAD', 23, 1, 1, 0, 'SHS'),
(969, 0, 'KARAY,RAIHANA BAGINDA', 23, 1, 0, 0, 'SHS'),
(970, 0, 'LADJAMATLI,ABUSOOD JUMAT', 23, 1, 0, 0, 'SHS'),
(971, 0, 'LAGBUNAN,LYCA MAE JOYCE MOLINA', 23, 1, 1, 0, 'SHS'),
(972, 0, 'LAMANI,ALDRIN TORRES', 23, 1, 1, 0, 'SHS'),
(973, 0, 'MAANI,JERRYMARK HUETERA', 23, 1, 0, 0, 'SHS'),
(974, 0, 'MAYONILA,MA. TRISHA PEDLO', 23, 1, 0, 0, 'SHS'),
(975, 0, 'OHENA,RICHARD PARADJI', 23, 1, 1, 0, 'SHS'),
(976, 0, 'OLIVEROS,ALDRICK GUANZON', 23, 1, 0, 0, 'SHS'),
(977, 0, 'PALAHUDDIN,NURMINA MOHAMMAD NUL', 23, 1, 1, 0, 'SHS'),
(978, 0, 'RAMOS,ROSSVERG JARAVILLA', 23, 1, 0, 0, 'SHS'),
(979, 0, 'REALES,PAUL GABRIEL ORDENIZA', 23, 1, 0, 0, 'SHS'),
(980, 0, 'SAHIDULLA,MOH. NADHIER ALNOOR SIHABON', 23, 1, 1, 0, 'SHS'),
(981, 0, 'SALI,RADZMINA ALIBASA', 23, 1, 0, 0, 'SHS'),
(982, 0, 'SAMSON,ALTON REMBERT FERNANDO', 23, 1, 0, 0, 'SHS'),
(983, 0, 'SANANI,JEAN RAIZA TIANOK', 23, 1, 1, 0, 'SHS'),
(984, 0, 'TINAY,FAUJIA ABDURAUP', 23, 1, 0, 0, 'SHS'),
(985, 0, 'UMMANG,JEMAL ASMAJIN', 23, 1, 0, 0, 'SHS'),
(986, 0, 'USMAN Jr.,MUDZAVEL LAPATHA', 23, 1, 0, 0, 'SHS'),
(987, 0, 'ADJIT,PATRICIA PALAHUDDIN', 25, 1, 1, 0, 'SHS'),
(988, 0, 'AGUILAR,LAURIE JAYNE SAAVEDRA', 25, 1, 0, 0, 'SHS'),
(989, 0, 'AMAT,MOHAMMAD YASSER BANDANG', 25, 1, 0, 0, 'SHS'),
(990, 0, 'AMEROL,NADJERA OLAMA', 25, 1, 0, 0, 'SHS'),
(991, 0, 'ATILANO,RUTH ANN JAPON', 25, 1, 0, 0, 'SHS'),
(992, 0, 'BANTAYA,SHANIA JHANE FERNANDEZ', 25, 1, 0, 0, 'SHS'),
(993, 0, 'BEDONIA,RIZZA MAE ILAYA', 25, 1, 0, 0, 'SHS'),
(994, 0, 'CASTILLO,CHARMEELEI AGBAN', 25, 1, 0, 0, 'SHS'),
(995, 0, 'CASTRO,LUBERT BALANSAG', 25, 1, 0, 0, 'SHS'),
(996, 0, 'CHAN,JAMES RAVEN GALVEZ', 25, 1, 1, 0, 'SHS'),
(997, 0, 'CLEMENTE,JERIZALYN CUARTO CRUZ', 25, 1, 0, 0, 'SHS'),
(998, 0, 'CUSTODIO,MARK ANTHONY PACIS', 25, 1, 1, 0, 'SHS'),
(999, 0, 'DABUSAN,MIKIELA CRUZ', 25, 1, 0, 0, 'SHS'),
(1000, 0, 'DALAM,REYMARK GAGANTING', 25, 1, 1, 0, 'SHS'),
(1001, 0, 'DANO,AUBREY DAWN BANTAYA', 25, 1, 0, 0, 'SHS'),
(1002, 0, 'DECIAL,JONAS PARTOSA', 25, 1, 0, 0, 'SHS'),
(1003, 0, 'DELOS SANTOS,JENNYROSE MANALOPILAR', 25, 1, 0, 0, 'SHS'),
(1004, 0, 'DESCARTIN,ANAMARIE SOTIS', 25, 1, 0, 0, 'SHS'),
(1005, 0, 'DIAZ,NICHOLE DIANNE DIME', 25, 1, 0, 0, 'SHS'),
(1006, 0, 'EBOL,LYKA REA ITURALDE', 25, 1, 0, 0, 'SHS'),
(1007, 0, 'EBOL,MARY JOY CONCEPCION CASTRO', 25, 1, 0, 0, 'SHS'),
(1008, 0, 'FALCASANTOS,KRIZELLE MAE BUENAFLOR', 25, 1, 0, 0, 'SHS'),
(1009, 0, 'FRANCISCO,JAN CEDRICK DIME', 25, 1, 0, 0, 'SHS'),
(1010, 0, 'HABING,ABDULHASIS S', 25, 1, 0, 0, 'SHS'),
(1011, 0, 'HASSAN,RAQIYBA GONZALES', 25, 1, 0, 0, 'SHS'),
(1012, 0, 'ISMAIL,RASHIDIN H', 25, 1, 1, 0, 'SHS'),
(1013, 0, 'ISNANI,MOH. SUDAIS ISMAEL', 25, 1, 0, 0, 'SHS'),
(1014, 0, 'JAPON,ANNA MAE CALIBOD', 25, 1, 0, 0, 'SHS'),
(1015, 0, 'LUCHAVEZ,JESSREL KARL ALBERTO', 25, 1, 0, 0, 'SHS'),
(1016, 0, 'MANUEL,JOANNA MIÑOZA', 25, 1, 0, 0, 'SHS'),
(1017, 0, 'MUKIM,MARCHESA ASARABI', 25, 1, 1, 0, 'SHS'),
(1018, 0, 'REYES Jr.,ARLES BERNAL', 25, 1, 0, 0, 'SHS'),
(1019, 0, 'SARMIENTO,SARRAHZEP CABAYACRUZ', 25, 1, 1, 0, 'SHS'),
(1020, 0, 'TAYONA,GERHARTT RAMOS', 25, 1, 1, 0, 'SHS'),
(1021, 0, 'TIBLAN,AISAN USMAN', 25, 1, 0, 0, 'SHS'),
(1022, 0, 'TIMPAD,MARL JOHNSON CUNA', 25, 1, 1, 0, 'SHS'),
(1023, 0, 'ALCE, JOANIE KYLE F.', 415, 9, 0, 0, 'College'),
(1024, 0, 'IBGOS, CLAIRE', 415, 9, 0, 0, 'College'),
(1025, 0, 'ALAS, MARIVIC R', 414, 9, 0, 0, 'College'),
(1026, 0, 'MENDOZA, ALEXIES A.', 414, 9, 0, 0, 'College'),
(1027, 0, 'ALVAREZ, MARICAR L.', 416, 9, 0, 0, 'College'),
(1028, 0, 'LAURIE, ROXAN L.', 416, 9, 0, 0, 'College'),
(1029, 0, 'ABBAS, HERMANIS', 416, 9, 0, 0, 'College'),
(1030, 0, 'USMAN, NORLAYLA P.', 416, 9, 0, 0, 'College'),
(1031, 0, 'MOHAMMAD SALI, NUR-SAKINAH S.', 413, 11, 0, 0, 'College'),
(1032, 0, 'SILLANA, REJEMAR V.', 413, 11, 0, 0, 'College'),
(1033, 0, 'SALI, ALMUJIB S.', 413, 11, 0, 0, 'College'),
(1034, 0, 'ESTEBAN, NERSA H.', 413, 11, 0, 0, 'College'),
(1035, 0, 'YU, HANAH MARIE F.', 413, 11, 0, 0, 'College'),
(1036, 0, 'ALABAN, ERICH MAE S.', 413, 11, 0, 0, 'College'),
(1037, 0, 'BALDO, HONEY TREESHA A.', 413, 11, 0, 0, 'College'),
(1038, 0, 'LATIPH, LIZA MAE N.', 413, 11, 0, 0, 'College'),
(1039, 0, 'DE GUZMAN, GERALDINE V.', 413, 11, 0, 0, 'College'),
(1040, 0, 'OSAL, SHEILA MAE G.', 413, 11, 0, 0, 'College'),
(1041, 0, 'ABUBAKAR, ZAKARIA I.', 413, 11, 0, 0, 'College'),
(1042, 0, 'INDOY, LEO PAOLO A.', 413, 11, 0, 0, 'College'),
(1043, 0, 'GUAN, JAQ ELMON A.', 413, 11, 1, 0, 'College'),
(1044, 0, 'ADAM, NURHIMA A.', 413, 11, 0, 0, 'College'),
(1045, 0, 'DAQUIPIL, DANNA ROSE O', 413, 11, 0, 0, 'College'),
(1046, 0, 'PAGOTAISIDRO, DEVINE S.', 413, 11, 0, 0, 'College'),
(1047, 0, 'BANZON, JEREL C.', 413, 11, 0, 0, 'College'),
(1048, 0, 'JHOMAR, ADHAR A.', 413, 11, 0, 0, 'College'),
(1049, 0, 'SAAVEDRA, ALONICA MAE C.', 412, 11, 0, 0, 'College'),
(1050, 0, 'MAGBANUA, MARY DYNE D.', 412, 11, 0, 0, 'College'),
(1051, 0, 'DELA PEÑA, SHAYNIE KIM E.', 412, 11, 0, 0, 'College'),
(1052, 0, 'ENOPIA, MARY JOY M.', 412, 11, 0, 0, 'College'),
(1053, 0, 'SAAVEDRA, ALONICA MAE C.', 412, 11, 0, 0, 'College'),
(1054, 0, 'SAW, LAREN KENNETH C.', 412, 11, 0, 0, 'College'),
(1055, 0, 'RAMILLANO, DANICA M.', 412, 11, 0, 0, 'College'),
(1056, 0, 'DELOS REYES, JAKE M.', 412, 11, 0, 0, 'College'),
(1057, 0, 'CHAVEZ, GIRLIE ANN C', 412, 11, 0, 0, 'College'),
(1058, 0, 'LARGO, GUILBERT E.', 412, 11, 0, 0, 'College'),
(1059, 0, 'GUAN, JOHN ELESIS R.', 412, 11, 0, 0, 'College'),
(1060, 0, 'ARANDA, ELLAINE A.', 412, 11, 0, 0, 'College'),
(1061, 0, 'BORJAL, WILFREDO JR. T.', 412, 11, 0, 0, 'College'),
(1062, 0, 'CENTENO, CHARMAE L.', 412, 11, 0, 0, 'College'),
(1063, 0, 'ANINO ROSAL A.', 412, 11, 0, 0, 'College'),
(1064, 0, 'CHEONG, JN GABRIEL S.', 411, 11, 0, 0, 'College'),
(1065, 0, 'MALIG-ON, JEY-ANN B.', 411, 11, 0, 0, 'College'),
(1066, 0, 'TAN, ROSHYN M.', 411, 11, 0, 0, 'College'),
(1067, 0, 'CADANO, REIL C.', 411, 11, 0, 0, 'College'),
(1068, 0, 'CHEONG, JN GABRIEL S.', 411, 11, 0, 0, 'College'),
(1069, 0, 'AGHON, AILEEN GRACE Q.', 411, 11, 0, 0, 'College'),
(1070, 0, 'PAKONG, NUR-IN N.', 411, 11, 0, 0, 'College'),
(1071, 0, 'CATALAN, BRENZER B.', 411, 11, 0, 0, 'College'),
(1072, 0, 'PALIS, SARAH MAE O.', 411, 11, 0, 0, 'College'),
(1073, 0, 'BONBON, DIOVANNI JOHN A.', 411, 11, 0, 0, 'College'),
(1074, 0, 'LUMACANG EMELLY', 411, 11, 0, 0, 'College'),
(1075, 0, 'CAINGCOY, JOSHUA R', 411, 11, 0, 0, 'College'),
(1076, 0, 'ABTAHI, SAHI A.', 411, 11, 0, 0, 'College'),
(1077, 0, 'ABUBAKAR, NASRA I.', 411, 11, 1, 0, 'College'),
(1078, 0, 'SOLIS, AICHU O.', 411, 11, 0, 0, 'College'),
(1171, 0, 'SEGOVIA, MARCELL JOHN C.', 509, 15, 0, 0, 'College'),
(1172, 0, 'ARQUINES, VOEBSTER B.', 509, 15, 1, 0, 'College'),
(1173, 0, 'TAHIL, MOHAMMAD MOHSY J.', 509, 15, 0, 0, 'College'),
(1174, 0, 'FALCATAN, ISRAEL R.', 509, 15, 0, 0, 'College'),
(1175, 0, 'FALCATAN, GIO MARTEEN R.', 509, 15, 0, 0, 'College'),
(1176, 0, 'HAJAN, MOHAMMAD RASHID T.', 509, 15, 0, 0, 'College'),
(1177, 0, 'CASTRO, EMIL R.', 509, 15, 1, 0, 'College'),
(1178, 0, 'MIGUEL, CEEJAY M.', 509, 15, 0, 0, 'College'),
(1179, 0, 'FRANCISCO, RONARK T.', 509, 15, 0, 0, 'College'),
(1180, 0, 'ALFARO, ALYSSA JEAN V.', 509, 15, 0, 0, 'College'),
(1181, 0, 'SALAIN, HAIZER ABDURAHIM', 509, 15, 0, 0, 'College'),
(1182, 0, 'TARROZA, RAYNER A', 509, 15, 0, 0, 'College'),
(1183, 0, 'PAILAN, JOSHUA ADRIAN E.', 509, 15, 0, 0, 'College'),
(1184, 0, 'SERRA MARY GRACE C.', 509, 15, 1, 0, 'College'),
(1185, 0, 'INCLAN, JAN ROLAND P.', 510, 10, 1, 0, 'College'),
(1186, 0, 'ABATON, MOHAMMAD P.', 510, 10, 0, 0, 'College'),
(1187, 0, 'ABDELMAJID, MUHAMMAD J.', 510, 10, 0, 0, 'College'),
(1188, 0, 'ABSARI, RIDZMAR A.', 510, 10, 0, 0, 'College'),
(1189, 0, 'AHAJA, ARSHAL T.', 510, 10, 0, 0, 'College'),
(1190, 0, 'ALAMA, MUKTAZIR L', 510, 10, 0, 0, 'College'),
(1191, 0, 'ALIH, AHMAD I.', 510, 10, 0, 0, 'College'),
(1192, 0, 'ALIM, JAN LOUIE G.', 510, 10, 1, 0, 'College'),
(1193, 0, 'ANUALLA, RENAN C', 510, 10, 0, 0, 'College'),
(1194, 0, 'APOLINARIO, KAYLE JOHN P.', 510, 10, 0, 0, 'College'),
(1195, 0, 'APOLINARIO, PATRICK JAY G.', 510, 10, 0, 0, 'College'),
(1196, 0, 'ATILANO, JEZREEL B.', 510, 10, 0, 0, 'College'),
(1197, 0, 'BARREDO, BABY JANE D.', 510, 10, 0, 0, 'College'),
(1198, 0, 'BONGHANOY, JOHN GILLER C.', 510, 10, 1, 0, 'College'),
(1199, 0, 'BORDNER, HANS MICHAEL L.', 510, 10, 0, 0, 'College'),
(1200, 0, 'CANDIDO, ELAINE R.', 510, 10, 0, 0, 'College'),
(1201, 0, 'DEGOLLACION, McCLEIN T.', 510, 10, 0, 0, 'College'),
(1202, 0, 'DELATOR, KLEIN JAMES R.', 510, 10, 0, 0, 'College'),
(1203, 0, 'DELOS REYES, KRISTINE JOY D.', 510, 10, 1, 0, 'College'),
(1204, 0, 'EBIO, MILDRED CHARIS P.', 510, 10, 1, 0, 'College'),
(1205, 0, 'ENRIQUEZ WILMER I.', 510, 10, 0, 0, 'College'),
(1206, 0, 'FRONDA, CHARLENE T.', 510, 10, 0, 0, 'College'),
(1207, 0, 'GANDAWALI, JIMELYN E.', 510, 10, 0, 0, 'College'),
(1208, 0, 'GELLECANIA ZENDOR B.', 510, 10, 1, 0, 'College'),
(1209, 0, 'HASHIM, NURDEN U.', 510, 10, 0, 0, 'College'),
(1210, 0, 'IBAÑEZ, LESTER JAY R.', 510, 10, 0, 0, 'College'),
(1211, 0, 'IDRIS, MUDZNALYN A.', 510, 10, 0, 0, 'College'),
(1212, 0, 'IMRAN, ABDUNNAFI S.', 510, 10, 0, 0, 'College'),
(1213, 0, 'JAVIER, MADZFER HAIBER', 510, 10, 0, 0, 'College'),
(1214, 0, 'JULIAN, ALEXI JAN', 510, 10, 0, 0, 'College'),
(1215, 0, 'JUMLAI, NHERESA A.', 510, 10, 0, 0, 'College'),
(1216, 0, 'KLING, BRYLLE CABONADA', 510, 10, 0, 0, 'College'),
(1217, 0, 'LACASTESANTOS, MAE ANGELIQUE C.', 510, 10, 0, 0, 'College'),
(1218, 0, 'MAATA, EDREL PAUL B.', 510, 10, 0, 0, 'College'),
(1219, 0, 'MABANAG, RODERICK JR. C.', 510, 10, 0, 0, 'College'),
(1220, 0, 'MACO, MARY HANSIE M.', 510, 10, 0, 0, 'College'),
(1221, 0, 'MAHAMOD, HAMAD MARDANI M.', 510, 10, 0, 0, 'College'),
(1222, 0, 'MAÑALAS, ERICO ALI M.', 510, 10, 0, 0, 'College'),
(1223, 0, 'MANGAPIT, MAY ANGELU B.', 510, 10, 1, 0, 'College'),
(1224, 0, 'MASBON, BENNY N.', 510, 10, 0, 0, 'College'),
(1225, 0, 'MONCADA, MARIEL M.', 510, 10, 1, 0, 'College'),
(1226, 0, 'MONTESUR, JEFFERSON G.', 510, 10, 0, 0, 'College'),
(1227, 0, 'MORALES, REYNOLD P.', 510, 10, 0, 0, 'College'),
(1228, 0, 'MUKSAN, ALDRIN A.', 510, 10, 0, 0, 'College'),
(1229, 0, 'MUKSAN, ISAHACK A.', 510, 10, 0, 0, 'College'),
(1230, 0, 'OMICTING, PHILIP JOSHUA C.', 510, 10, 1, 0, 'College'),
(1231, 0, 'OZARRAGA, SHEILA MAE E.', 510, 10, 0, 0, 'College'),
(1232, 0, 'PUYOH, MAUSAIED H.', 510, 10, 0, 0, 'College'),
(1233, 0, 'QUITEVIS, FRANZ S.', 510, 10, 0, 0, 'College'),
(1234, 0, 'REBARBAS, ANDREW B.', 510, 10, 0, 0, 'College'),
(1235, 0, 'REVILLAS, CHRISTIAN JOY S.', 510, 10, 0, 0, 'College'),
(1236, 0, 'REYES, PATRICK JAY P.', 510, 10, 0, 0, 'College'),
(1237, 0, 'SAAVEDRA, MARKO ANGELLE T', 510, 10, 0, 0, 'College'),
(1238, 0, 'SALA  SITTI WARNA P.', 510, 10, 0, 0, 'College'),
(1239, 0, 'SALIH, MOHAMMAD I.', 510, 10, 0, 0, 'College'),
(1240, 0, 'SAN JUAN, MAVERICK', 510, 10, 0, 0, 'College'),
(1241, 0, 'SARTE, LAWRENCE PAUL G.', 510, 10, 0, 0, 'College'),
(1242, 0, 'SUAREZ, EZRAH GRACE L.', 510, 10, 0, 0, 'College'),
(1243, 0, 'TANQUIAMCO, IAN KIRBY A.', 510, 10, 0, 0, 'College'),
(1244, 0, 'TEJERO, RUBEN F.', 510, 10, 0, 0, 'College'),
(1245, 0, 'TORREJA, MIKHAIL D.', 510, 10, 0, 0, 'College'),
(1246, 0, 'TULABIN, ARIF SHAMEER C.', 510, 10, 1, 0, 'College'),
(1247, 0, 'VERDEFLOR, JEEVEE LAURENCE M', 510, 10, 1, 0, 'College'),
(1248, 0, 'VILLALUNA, ANGELO S.', 510, 10, 0, 0, 'College'),
(1249, 0, 'YASIN, REHANNA', 510, 10, 0, 0, 'College'),
(1293, 0, 'ABDUHANI, ALMAHDI T.', 512, 10, 0, 0, 'College'),
(1294, 0, 'ALAM, JHOMAR W.', 512, 10, 0, 0, 'College'),
(1295, 0, 'ASDAIN, MICHAEL A.', 512, 10, 0, 0, 'College'),
(1296, 0, 'BALBONTIN, JEMUEL S.', 512, 10, 0, 0, 'College'),
(1297, 0, 'BANAT, JORISH PAUL E.', 512, 10, 1, 0, 'College'),
(1298, 0, 'BOLINGKIT, IVY MAE L.', 512, 10, 0, 0, 'College'),
(1299, 0, 'BUENAVISTA, PETER ANGELO D.', 512, 10, 1, 0, 'College'),
(1300, 0, 'CABONADA, ROEDEL KIM L.', 512, 10, 1, 0, 'College'),
(1301, 0, 'CALLEJA, CHARLES D.R.', 512, 10, 1, 0, 'College'),
(1302, 0, 'CARRILLO, PRECIOUS ANN', 512, 10, 0, 0, 'College'),
(1303, 0, 'CASTRO, ALYZA MAE B.', 512, 10, 1, 0, 'College'),
(1304, 0, 'COLALJO, CARLOS JR. G.', 512, 10, 1, 0, 'College'),
(1305, 0, 'DELA CRUZ, JOMARIE A.', 512, 10, 1, 0, 'College'),
(1306, 0, 'DELOS SANTOS, NORVIN', 512, 10, 0, 0, 'College'),
(1307, 0, 'CHIONG, VINCENT A.', 512, 10, 0, 0, 'College'),
(1308, 0, 'FERNANDO, REGIEMAR T.', 512, 10, 0, 0, 'College'),
(1309, 0, 'GONZALES, JEROME A.', 512, 10, 1, 0, 'College'),
(1310, 0, 'GONZALES, JOE MARIE R.', 512, 10, 0, 0, 'College'),
(1311, 0, 'HABING, NISA S.', 512, 10, 0, 0, 'College'),
(1312, 0, 'HASHIM, NURDEN U.', 512, 10, 0, 0, 'College'),
(1313, 0, 'ISMAEL, NURUDDIN M.', 512, 10, 1, 0, 'College'),
(1314, 0, 'JAVAR, VINCENT JOHN D.', 512, 10, 1, 0, 'College'),
(1315, 0, 'JURAH, MOHAMMAD JHALSIDRIE B.', 512, 10, 0, 0, 'College'),
(1316, 0, 'LABRADOR, STEVE LAURENCE M.', 512, 10, 0, 0, 'College'),
(1317, 0, 'LIGAYA, ANDREVAN B.', 512, 10, 0, 0, 'College'),
(1318, 0, 'MISA, KENETTE BRYAN K.', 512, 10, 0, 0, 'College'),
(1319, 0, 'MOHAMMAD, MOHAMMAD T.', 512, 10, 0, 0, 'College'),
(1320, 0, 'MONTEVERDE, MARK ANTHONY L.', 512, 10, 1, 0, 'College'),
(1321, 0, 'MUKSAN, KHADNIZAR A.', 512, 10, 0, 0, 'College'),
(1322, 0, 'OLIVEROS, CHIMVERLY R.', 512, 10, 1, 0, 'College'),
(1323, 0, 'PALCONIT, NOEMER DR.', 512, 10, 0, 0, 'College'),
(1324, 0, 'PANTI, SAUDI A.', 512, 10, 1, 0, 'College'),
(1325, 0, 'RABINO, NEIL BRYAN C.', 512, 10, 0, 0, 'College'),
(1326, 0, 'RETANAL, RANDY JR.', 512, 10, 1, 0, 'College'),
(1327, 0, 'RIVERA, FAYE', 512, 10, 1, 0, 'College'),
(1328, 0, 'ROSIL, RUSSEL JAY B', 512, 10, 0, 0, 'College'),
(1329, 0, 'RUSIANA, HANE G.', 512, 10, 1, 0, 'College'),
(1330, 0, 'SAMSON, SAMIR A.', 512, 10, 0, 0, 'College'),
(1331, 0, 'TARSONA, LOUIE JAY R.', 512, 10, 1, 0, 'College'),
(1332, 0, 'TOLENTINO, NIKKI C.', 512, 10, 1, 0, 'College'),
(1333, 0, 'VARQUEZ, REMO J.', 512, 10, 1, 0, 'College'),
(1334, 0, 'VITAR, KIMBERLY JOY N.', 512, 10, 1, 0, 'College'),
(1335, 0, 'BUSCADO, RENZ MARRION', 512, 10, 0, 0, 'College'),
(1336, 0, 'ALAGASI, RUIGI T.', 513, 10, 1, 0, 'College'),
(1337, 0, 'ALIMODIAN, JOHN VINCENT A.', 513, 10, 1, 0, 'College'),
(1338, 0, 'ALMAZAN, RAMONITO JR. D.', 513, 10, 1, 0, 'College'),
(1339, 0, 'ATARI, WADZNA H.', 513, 10, 1, 0, 'College'),
(1340, 0, 'BANTILAN, MANUEL, JR. D.', 513, 10, 0, 0, 'College'),
(1341, 0, 'BANTOTO, RALPH RENDELL F.', 513, 10, 1, 0, 'College'),
(1342, 0, 'BERONDO, ANGELO KIM G.', 513, 10, 1, 0, 'College'),
(1343, 0, 'BUENAVENTURA, RODEL VAN V.', 513, 10, 1, 0, 'College'),
(1344, 0, 'CALAGING, CATHY S.', 513, 10, 0, 0, 'College'),
(1345, 0, 'CAPINPIN, JEFFREY S.', 513, 10, 0, 0, 'College'),
(1346, 0, 'CHUA, NIKKO MAR O.', 513, 10, 1, 0, 'College'),
(1347, 0, 'DEL MUNDO, PHILIP MANDI V.', 513, 10, 1, 0, 'College'),
(1348, 0, 'DEL ROSARIO, ALAN B.', 513, 10, 1, 0, 'College'),
(1349, 0, 'ENOT, RICARDO JR. A.', 513, 10, 0, 0, 'College'),
(1350, 0, 'FALCASANTOS, GRACEE LANEE B.', 513, 10, 0, 0, 'College'),
(1351, 0, 'FERNANDEZ, KEVIN O.', 513, 10, 1, 0, 'College'),
(1352, 0, 'FORTICH, FRANCIS-AL M.', 513, 10, 1, 0, 'College'),
(1353, 0, 'GADJALI, NAJIR H.', 513, 10, 1, 0, 'College'),
(1354, 0, 'GANDAWALI, HANEYBAR R.', 513, 10, 1, 0, 'College'),
(1355, 0, 'GLOVA, STEFANIE', 513, 10, 0, 0, 'College'),
(1356, 0, 'GONZALES, ADRIAN BOIE D.', 513, 10, 1, 0, 'College'),
(1357, 0, 'GREGORIO, GENNELLE C.', 513, 10, 0, 0, 'College'),
(1358, 0, 'GUABONG, ABIGAEL D.', 513, 10, 1, 0, 'College'),
(1359, 0, 'GUMANDAO, ARIES D.', 513, 10, 1, 0, 'College'),
(1360, 0, 'HASSAN, AL-DIZER M.', 513, 10, 0, 0, 'College'),
(1361, 0, 'IMRAN, AMEER-YASIN A.', 513, 10, 1, 0, 'College'),
(1362, 0, 'ITEM, MARK VINCENT FAITH A.', 513, 10, 0, 0, 'College'),
(1363, 0, 'JOSE, JORDAN A.', 513, 10, 1, 0, 'College'),
(1364, 0, 'JUNAID, RUDAINA A.', 513, 10, 0, 0, 'College'),
(1365, 0, 'LAGARE, CHRISTINE S.', 513, 10, 1, 0, 'College'),
(1366, 0, 'LIM , NIKO A.', 513, 10, 0, 0, 'College'),
(1367, 0, 'LIM, KHADIJAH M.', 513, 10, 0, 0, 'College'),
(1368, 0, 'MADES, MARY ANTONETTE D.', 513, 10, 0, 0, 'College'),
(1369, 0, 'MAGBANUA, MARYJOYLYN D.', 513, 10, 1, 0, 'College'),
(1370, 0, 'MAGBANUA, ROGEN LIE T.', 513, 10, 0, 0, 'College'),
(1371, 0, 'MATIAS, BETHEL ANN B.', 513, 10, 1, 0, 'College'),
(1372, 0, 'MISUARA, ALKIE BOY V.', 513, 10, 0, 0, 'College'),
(1373, 0, 'PELAEZ, RAYYANN J.', 513, 10, 1, 0, 'College'),
(1374, 0, 'RESURRECCION, ARNIE A.', 513, 10, 1, 0, 'College'),
(1375, 0, 'ROCA, JOMEL SALANI.', 513, 10, 1, 0, 'College'),
(1376, 0, 'SAKIB, DONNA MAE H.', 513, 10, 1, 0, 'College'),
(1377, 0, 'SAMSON, JHEMIL M.', 513, 10, 0, 0, 'College'),
(1378, 0, 'SAYTAS, JOYCE FLORIANNE E.', 513, 10, 0, 0, 'College'),
(1379, 0, 'SEBASTIAN, JHAN AZRHIFF B.', 513, 10, 0, 0, 'College'),
(1380, 0, 'SUACILLO, CARLA JAMES G.', 513, 10, 1, 0, 'College'),
(1381, 0, 'TAJORES, CHRISTIAN S.', 513, 10, 1, 0, 'College'),
(1382, 0, 'TAN, JOSEPH P.', 513, 10, 0, 0, 'College'),
(1383, 0, 'TANGGOTI, MOHAIDEN S.', 513, 10, 1, 0, 'College'),
(1384, 0, 'TIAMWATT, ARWINA H.', 513, 10, 1, 0, 'College'),
(1385, 0, 'TII, HENRY CRIS P.', 513, 10, 1, 0, 'College'),
(1386, 0, 'TONDO, RHEA LLOURINE Q.', 513, 10, 1, 0, 'College'),
(1387, 0, 'VILLANUEVA, DENZELLE L.', 513, 10, 1, 0, 'College'),
(1388, 0, 'YAPP, LIESELL A.', 513, 10, 0, 0, 'College'),
(1389, 0, 'AHMAD, MOHD. JEFFREY M.', 514, 10, 0, 0, 'College'),
(1390, 0, 'ALCANTARA, ROMULO L.', 514, 10, 1, 0, 'College'),
(1391, 0, 'ALIH AL-ASHREE T.', 514, 10, 1, 0, 'College'),
(1392, 0, 'ALSREE, SHARIEF KIEFER T.', 514, 10, 1, 0, 'College'),
(1393, 0, 'AMMAD, NERSA S.', 514, 10, 0, 0, 'College'),
(1394, 0, 'ASDAON, IBRAHIM T,', 514, 10, 1, 0, 'College'),
(1395, 0, 'ASMAWIL, RADAMIS J.', 514, 10, 0, 0, 'College'),
(1396, 0, 'ASRI, BEN-RAOPH B.', 514, 10, 0, 0, 'College'),
(1397, 0, 'ATARI, FATNAHAR A.', 514, 10, 1, 0, 'College'),
(1398, 0, 'BARING, NHRMEEN A.', 514, 10, 1, 0, 'College'),
(1399, 0, 'BASILIO, RHEMELITO', 514, 10, 0, 0, 'College'),
(1400, 0, 'CAMAN, MAIRA A.', 514, 10, 0, 0, 'College'),
(1401, 0, 'DEL MUNDO, SHEENA MAE C.', 514, 10, 1, 0, 'College'),
(1402, 0, 'DELA CRUZ, RODERICK JR. B', 514, 10, 1, 0, 'College'),
(1403, 0, 'DELOS REYES, SHIERIE S.', 514, 10, 1, 0, 'College'),
(1404, 0, 'FERNADEZ, DAVE MARK A.', 514, 10, 0, 0, 'College'),
(1405, 0, 'FRANCISCO, JULIUS A', 514, 10, 0, 0, 'College'),
(1406, 0, 'GANABAN, PRECIOUS ERIKA JANE L.', 514, 10, 1, 0, 'College'),
(1407, 0, 'GULAM, JABEER J.', 514, 10, 0, 0, 'College'),
(1408, 0, 'HABIBON, ALKENRY A.', 514, 10, 0, 0, 'College'),
(1409, 0, 'JAMALUDDIN, JIMRAIDA A.', 514, 10, 0, 0, 'College'),
(1410, 0, 'JANA, KADZMER J.', 514, 10, 0, 0, 'College'),
(1411, 0, 'JULIAN, ALDRIAN CALARIAN', 514, 10, 0, 0, 'College'),
(1412, 0, 'JULKIRAM, ALSIMAR U.', 514, 10, 0, 0, 'College'),
(1413, 0, 'JUMAH, RUDZKHAN A.', 514, 10, 0, 0, 'College'),
(1414, 0, 'JUNAID, RUDAINA A.', 514, 10, 0, 0, 'College'),
(1415, 0, 'LAURENTE, JOHN CARLO F.', 514, 10, 0, 0, 'College'),
(1416, 0, 'MAYORMITA, BRYAN RUSIANA', 514, 10, 0, 0, 'College'),
(1417, 0, 'RAMONES, SILVESTER I.', 514, 10, 0, 0, 'College'),
(1418, 0, 'RENIEDO, RENZAL JR. A.', 514, 10, 0, 0, 'College'),
(1419, 0, 'SAHIBUL, AHMAD S.', 514, 10, 0, 0, 'College'),
(1420, 0, 'WAHID, ADZFAR A.', 514, 10, 0, 0, 'College'),
(1421, 0, 'YUCOR, JOHN KELVIN L', 514, 10, 0, 0, 'College'),
(1422, 0, 'FRANCISCO, JULIUS A', 514, 10, 0, 0, 'College'),
(1423, 0, 'ARPA, ALHADZAR U.', 514, 10, 0, 0, 'College'),
(1424, 0, 'HEDING, MOHAMMAD SADIQ M.', 514, 10, 0, 0, 'College'),
(1425, 0, 'BALAJADIA, GRACES M.', 514, 10, 1, 0, 'College'),
(1426, 0, 'JAKIRANI, RYAN KRISTOFFERSON L.', 514, 10, 0, 0, 'College'),
(1427, 0, 'DUMDUMAYA, NIKKO V.', 514, 10, 0, 0, 'College'),
(1428, 0, 'ABDULMUIN, ZEARHAN R.', 515, 10, 1, 0, 'College'),
(1429, 0, 'ABELLA, BRYAN JOEVIE S.', 515, 10, 0, 0, 'College'),
(1430, 0, 'AMSAIN, FATIMA DARSHELL ANN A.', 515, 10, 1, 0, 'College'),
(1431, 0, 'DESTUA, JEMAR D.', 515, 10, 0, 0, 'College'),
(1432, 0, 'KIJAL, FHARHANA U.', 515, 10, 0, 0, 'College'),
(1433, 0, 'ABUBAKAR, AHMED JIBRIL', 515, 10, 0, 0, 'College'),
(1434, 0, 'AGASID, AMIRA I.', 516, 8, 0, 0, 'College'),
(1435, 0, 'ALFARO, GOEMIE ANNE A.', 516, 8, 0, 0, 'College'),
(1436, 0, 'ALIH, MIRJIMAR A.', 516, 8, 0, 0, 'College'),
(1437, 0, 'ALIHUDDIN, SADAT I.', 516, 8, 0, 0, 'College'),
(1438, 0, 'AMMIL, ALMAKDAM A.', 516, 8, 1, 0, 'College'),
(1439, 0, 'AMSAIN, FATIMA DARSHELL ANN A.', 516, 8, 0, 0, 'College'),
(1440, 0, 'ANJALIN, YASEL J.', 516, 8, 0, 0, 'College'),
(1441, 0, 'ANTAO, ABDUL RAHMAN J.', 516, 8, 0, 0, 'College'),
(1442, 0, 'ARAKANI, KASHMIER W.', 516, 8, 1, 0, 'College'),
(1443, 0, 'CUARTOCRUZ, RHEYMAN A.', 516, 8, 0, 0, 'College'),
(1444, 0, 'DAUTIL, JULIUS CHESTER A.', 516, 8, 1, 0, 'College'),
(1445, 0, 'DETUYATU, ABDULLAH H.', 516, 8, 0, 0, 'College'),
(1446, 0, 'DIOG, ANDRIANNE JOY S.', 516, 8, 1, 0, 'College'),
(1447, 0, 'ENOC, YELVE M.', 516, 8, 0, 0, 'College'),
(1448, 0, 'FAMAT, KENNETH PAUL A.', 516, 8, 1, 0, 'College'),
(1449, 0, 'GALADLAS, ROSVILLA G.', 516, 8, 1, 0, 'College'),
(1450, 0, 'GOMEZ, ROSE ANN A.', 516, 8, 0, 0, 'College'),
(1451, 0, 'GUERRA, RASHIELA P.', 516, 8, 0, 0, 'College'),
(1452, 0, 'JAMIRIE, NAJIR G.', 516, 8, 1, 0, 'College'),
(1453, 0, 'LANDASAN, HANAN T.', 516, 8, 0, 0, 'College'),
(1454, 0, 'LAO, JELICA MICHAELA C.', 516, 8, 1, 0, 'College'),
(1455, 0, 'LUGO, JENIFER D.', 516, 8, 1, 0, 'College'),
(1456, 0, 'LUKMAN, ALBIZON A.', 516, 8, 1, 0, 'College'),
(1457, 0, 'MAGHINAY, DIVINE GRACE F.', 516, 8, 0, 0, 'College'),
(1458, 0, 'MALLORCA, ROBERTO JR. C', 516, 8, 0, 0, 'College'),
(1459, 0, 'MAMANG, MOHAMER S.', 516, 8, 0, 0, 'College'),
(1460, 0, 'MARCOS, MA. KATRINA Y.', 516, 8, 1, 0, 'College'),
(1461, 0, 'MERCADO, CELIUS II B.', 516, 8, 0, 0, 'College'),
(1462, 0, 'MISA, FEBSKHEN K.', 516, 8, 1, 0, 'College'),
(1463, 0, 'MOHAMMAD, ALMANSOUR Z.', 516, 8, 1, 0, 'College'),
(1464, 0, 'MONTEVERDE, JOSEPH ALRICH C.', 516, 8, 1, 0, 'College'),
(1465, 0, 'PALAMANO, CERELINA B.', 516, 8, 1, 0, 'College'),
(1466, 0, 'PASIGNA, JONICK S.', 516, 8, 1, 0, 'College'),
(1467, 0, 'PENULIAR, SHEENA A.', 516, 8, 1, 0, 'College'),
(1468, 0, 'PONTALBA, JEROME RALPH', 516, 8, 0, 0, 'College'),
(1469, 0, 'RAMILLANO, LYRA MAY T.', 516, 8, 0, 0, 'College'),
(1470, 0, 'RIVERA, BENHARD M.', 516, 8, 1, 0, 'College'),
(1471, 0, 'RUBINO, DALE MARTIN J.', 516, 8, 1, 0, 'College'),
(1472, 0, 'SABTULA, JESSAR T.', 516, 8, 1, 0, 'College'),
(1473, 0, 'SAHIBIL, NORISA H.', 516, 8, 1, 0, 'College'),
(1474, 0, 'SARAO, RIA CEAZHARA M.', 516, 8, 1, 0, 'College'),
(1475, 0, 'SUSULAN, ELMAR C.', 516, 8, 0, 0, 'College'),
(1476, 0, 'TAJORES, CHRISTIAN S.', 516, 8, 0, 0, 'College'),
(1477, 0, 'TAN, NORDVIC D.', 516, 8, 1, 0, 'College'),
(1478, 0, 'TIANGA, CHATTY A.', 516, 8, 1, 0, 'College'),
(1479, 0, 'TIMOD, EVELYN TOLING', 516, 8, 1, 0, 'College'),
(1480, 0, 'TIMOSA, NEILL A.', 516, 8, 1, 0, 'College'),
(1481, 0, 'TORRES, SHARMAINE A.', 516, 8, 1, 0, 'College'),
(1482, 0, 'TURNO, SHINELIE MARIE P.', 516, 8, 0, 0, 'College'),
(1483, 0, 'BANTILING, JAYVIE T.', 516, 8, 0, 0, 'College'),
(1484, 0, 'ABING, IVY GRACE I.', 517, 8, 1, 0, 'College'),
(1485, 0, 'ALABATA, REGINE POL T', 517, 8, 1, 0, 'College'),
(1486, 0, 'ANOOS, ERICKSON JOSHUA B.', 517, 8, 0, 0, 'College'),
(1487, 0, 'ANOVA, MARY ANGELIQUE B.', 517, 8, 1, 0, 'College'),
(1488, 0, 'ASARA, HAMODI M.', 517, 8, 1, 0, 'College'),
(1489, 0, 'BERTIZ, JOHN CARLO R.', 517, 8, 1, 0, 'College'),
(1490, 0, 'BORDADOR, KARL LEWIS A.', 517, 8, 1, 0, 'College'),
(1491, 0, 'CAINGCOY, DANRIEL R', 517, 8, 1, 0, 'College'),
(1492, 0, 'CAINGCOY, JEFFREY R.', 517, 8, 1, 0, 'College'),
(1493, 0, 'CENIZA, VINCE VOLTAIRE C.', 517, 8, 1, 0, 'College'),
(1494, 0, 'CHUA, REKAILA F.', 517, 8, 0, 0, 'College'),
(1495, 0, 'CLIMACO, MARY GRACE M.', 517, 8, 0, 0, 'College'),
(1496, 0, 'DELANTES, RENE FE L.', 517, 8, 1, 0, 'College'),
(1497, 0, 'DIOSMA, MARK ADAMSON B.', 517, 8, 0, 0, 'College'),
(1498, 0, 'FRANCISCO, RANCEZ A.', 517, 8, 1, 0, 'College'),
(1499, 0, 'JAINAL, AL-GHANDI P.', 517, 8, 0, 0, 'College'),
(1500, 0, 'JAMAHALI, YA''SIN A.', 517, 8, 0, 0, 'College'),
(1501, 0, 'JAMIRI, ASRI P.', 517, 8, 0, 0, 'College'),
(1502, 0, 'JOPSON, NIKKO JOMANLE L.', 517, 8, 1, 0, 'College'),
(1503, 0, 'MARZAN, RYAN KAIRO F.', 517, 8, 1, 0, 'College'),
(1504, 0, 'MIRANDA, KENRICHSON P.', 517, 8, 1, 0, 'College'),
(1505, 0, 'PADERNAL, JAY HERVIC G.', 517, 8, 1, 0, 'College'),
(1506, 0, 'PARAJADO, GRACE', 517, 8, 1, 0, 'College'),
(1507, 0, 'REDOBLE, MARC RAPHAEL DEMILLO', 517, 8, 1, 0, 'College'),
(1508, 0, 'ROJO, RALPH ARJAY E.', 517, 8, 0, 0, 'College'),
(1509, 0, 'ROSAS, RICHARD Z.', 517, 8, 1, 0, 'College'),
(1510, 0, 'SADALANI, RASHID D.', 517, 8, 0, 0, 'College'),
(1511, 0, 'SERIL, KENETTE MIÑOZA', 517, 8, 1, 0, 'College'),
(1512, 0, 'TABAÑERA, LORENZ', 517, 8, 0, 0, 'College'),
(1513, 0, 'USMAN, MOHAMMAD NAPSER M.', 517, 8, 1, 0, 'College'),
(1514, 0, 'UYAG NUR-GAJER SAMPUTO', 517, 8, 0, 0, 'College'),
(1515, 0, 'Abdurajak, Farrah J.', 514, 10, 1, 0, 'College');

-- --------------------------------------------------------

--
-- Table structure for table `tbl_teachers`
--

CREATE TABLE IF NOT EXISTS `tbl_teachers` (
`teacherID` int(11) NOT NULL,
  `teacherName` varchar(100) NOT NULL,
  `position` varchar(100) NOT NULL,
  `registrationStatus` int(11) NOT NULL DEFAULT '0'
) ENGINE=InnoDB AUTO_INCREMENT=71 DEFAULT CHARSET=latin1;

--
-- Dumping data for table `tbl_teachers`
--

INSERT INTO `tbl_teachers` (`teacherID`, `teacherName`, `position`, `registrationStatus`) VALUES
(1, 'Madriaga, Norwesa Locson', 'School Adminstrator', 1),
(2, 'Paragas, Reymond Garcia', 'Senior High Coordinator/School Disciplinarian', 0),
(3, 'Bercede, Mary Gaile Alvarez', 'OIC - IT Program Head/CSS Head', 1),
(4, 'Gumabat, Abigail Lagnason', 'GE Program Head', 1),
(5, 'Bernaldez, Elaisa Silaya', 'OIC - BM Program Head', 1),
(6, 'Bucu, Angelica Victoria Francisco', 'NSTP Coordinator', 1),
(7, 'Davalan, Jinky Ubag', 'Alumni Placement Officer', 1),
(8, 'Famorcan, Katherine Jalon', 'Cashier C', 0),
(9, 'Ortega, Mary Grace Rachel Prayon', 'Registrar 8', 0),
(10, 'Busiso, Ruwena Tolero', 'Proware Custodian', 0),
(11, 'Moises, Jerryme Glenada', 'Registrar Staff', 0),
(12, 'Bontia, Ma. Anna Zeta Balbin', 'School Nurse', 1),
(13, 'Tabanao, Florinda Teodoro', 'School Librarian', 0),
(14, 'Agustin, Glenda Medina', 'Computer Laboratory Personnel', 1),
(15, 'Olvido, Russel Sabas', 'Computer Laboratory Personnel', 0),
(16, 'Montuerto Jr., Richard Revillas', 'Computer Laboratory Staff', 0),
(17, 'Kanindot, Angelica Morrok', 'Admin Assistant', 0),
(18, 'Jalon, Jeneva R.', 'Guidance Staff', 1),
(19, 'Kalli, Aldimin Abdulmajid', 'Instructor 2 and Practicum Coordinator', 0),
(20, 'Hairon, Edilwaleed Dalawis', 'IT Instructor', 0),
(21, 'Vendiola, Sandy Tose', 'TESDA Program Head', 1),
(22, 'Sarapuddin, Andrea Hajihil', 'IT Instructor', 1),
(23, 'Marcos, Mary Jean Pantaleon', 'IT Instructor', 0),
(24, 'Simbajon, Kevin Daniel Lucio', 'IT Instructor', 1),
(25, 'Torres, Patrick Magadia', 'BM Instructor', 0),
(26, 'Perez, Erlinda Basilio', 'BM Instructor', 0),
(27, 'Santiago, Alphi Cainglet', 'BM Instructor', 0),
(28, 'Villapando, Rhovil Alarcon', 'BM Instructor', 0),
(29, 'Foncardas, Reynaldo Sebastian', 'BM Instructor', 0),
(30, 'Tarroza, Rochard Torres', 'History Instructor', 0),
(31, 'Capin, Frederick Ian Silveo', 'Polsci Instructor', 0),
(32, 'Toribio, Arnel Miro', 'IntroArts Instructor', 0),
(33, 'Asid, Haridja Amilhamja', 'Biology Instructor', 0),
(34, 'Agoo, April Love Lloveras', 'Filipino Instructor', 0),
(35, 'Niesas, Jayson Resurreccion', 'PE Instructor', 1),
(36, 'Dellova, Rhaiza Reyes', 'English Instructor', 1),
(37, 'Apolinario, Ma. Alicef Rebollos', 'IntroArts Instructor', 1),
(38, 'Falcatan, Erico Jhon Angeles', 'English Instructor', 0),
(39, 'Chan, Reymond Fabian', 'Physics Instructor', 0),
(40, 'Arip, Jhon Paul Ing', 'IT Instructor', 1),
(41, 'Uguis, Razor Lumigan', 'IT Instructor', 1),
(42, 'Amatong, Roi Larrence Reyes', 'IT Instructor', 1),
(43, 'San Luis, Jan Mikhail Tamonan', 'IT Instructor', 1),
(44, 'Tolomia Jr. Cipriano Magno', 'IT Instructor', 1),
(45, 'Bawari, Nur-Rashid Dioneo', 'IT Instructor', 1),
(46, 'Mendoza, Jamer', 'IT Instructor', 1),
(47, 'Opada, Doreen Cornel', 'Math Instructor', 0),
(48, 'Sarmiento, Sheena Delos Reyes', 'Math Instructor', 0),
(49, 'Puada, Danica June Galo', 'Math Instructor', 0),
(50, 'Urbano, Ma. Edwina Jimenez', 'Math Instructor', 0),
(51, 'Carbajal, Mary Ann Totao', 'Math Instructor', 0),
(52, 'Bagaub, Leorey Jaime', 'Math Instructor', 1),
(53, 'Ramiso, Kimberly Emotin', 'English Instructor', 1),
(54, 'Dela Cruz, Gay Comique', 'English Instructor', 0),
(55, 'Draper, Jeron Charles Malcampo', 'English Instructor', 1),
(56, 'Toribio, Ma. Veronica Diaz', 'English Instructor', 1),
(57, 'Ibni, Alexander S.', 'English Instructor', 0),
(58, 'Kilat, Kimberly Joy Regulacion', 'English Instructor', 0),
(59, 'Mandangan, Denieson J.', 'English Instructor', 0),
(60, 'Sardea, Laarni Antiola', 'Social Studies Instructor', 1),
(61, 'Aquino, Mary Jane C.', 'Social Studies Instructor', 1),
(62, 'Lagbas, Sherwina R.', 'Social Studies Instructor', 0),
(63, 'Gagaracruz, Donna Fe', 'Social Studies Instructor', 0),
(64, 'Licera, Elsie Mae Morcilla', 'PE Instructor', 1),
(65, 'Ladaga, Marjone Baranggan', 'PE Instructor', 0),
(66, 'Hajirron, Fatima N.', 'BM Instructor', 0),
(67, 'Eustaquio, Mary Ann Escorial', 'BM Instructor', 1),
(68, 'Tahil, Nadzria Juljani', 'BM Instructor', 1),
(69, 'Basilio, Leonido Toribio', 'Consultant and Dean of Accountancy ', 1),
(70, 'Duarte, Joseph Grant Chang', 'Research Consultant', 1);

-- --------------------------------------------------------

--
-- Table structure for table `tbl_tracks`
--

CREATE TABLE IF NOT EXISTS `tbl_tracks` (
`trackID` int(11) NOT NULL,
  `track` varchar(45) DEFAULT NULL
) ENGINE=InnoDB AUTO_INCREMENT=16 DEFAULT CHARSET=latin1;

--
-- Dumping data for table `tbl_tracks`
--

INSERT INTO `tbl_tracks` (`trackID`, `track`) VALUES
(1, 'ITMAWE'),
(2, 'ABM'),
(3, 'GAS'),
(4, 'CCT'),
(5, 'DigitalArts'),
(6, 'IA'),
(7, 'ACT'),
(8, 'BSIT'),
(9, 'BSAT'),
(10, 'BSCS'),
(11, 'BSBM'),
(12, 'CCE'),
(13, 'ITANIMA'),
(14, 'ITCHS'),
(15, 'BSCCE');

--
-- Indexes for dumped tables
--

--
-- Indexes for table `tbl_accounts`
--
ALTER TABLE `tbl_accounts`
 ADD PRIMARY KEY (`accountID`);

--
-- Indexes for table `tbl_sections`
--
ALTER TABLE `tbl_sections`
 ADD PRIMARY KEY (`sectionID`);

--
-- Indexes for table `tbl_students`
--
ALTER TABLE `tbl_students`
 ADD PRIMARY KEY (`id`);

--
-- Indexes for table `tbl_teachers`
--
ALTER TABLE `tbl_teachers`
 ADD PRIMARY KEY (`teacherID`);

--
-- Indexes for table `tbl_tracks`
--
ALTER TABLE `tbl_tracks`
 ADD PRIMARY KEY (`trackID`);

--
-- AUTO_INCREMENT for dumped tables
--

--
-- AUTO_INCREMENT for table `tbl_accounts`
--
ALTER TABLE `tbl_accounts`
MODIFY `accountID` int(11) NOT NULL AUTO_INCREMENT,AUTO_INCREMENT=5;
--
-- AUTO_INCREMENT for table `tbl_sections`
--
ALTER TABLE `tbl_sections`
MODIFY `sectionID` int(11) NOT NULL AUTO_INCREMENT,AUTO_INCREMENT=518;
--
-- AUTO_INCREMENT for table `tbl_students`
--
ALTER TABLE `tbl_students`
MODIFY `id` int(11) NOT NULL AUTO_INCREMENT,AUTO_INCREMENT=1516;
--
-- AUTO_INCREMENT for table `tbl_teachers`
--
ALTER TABLE `tbl_teachers`
MODIFY `teacherID` int(11) NOT NULL AUTO_INCREMENT,AUTO_INCREMENT=71;
--
-- AUTO_INCREMENT for table `tbl_tracks`
--
ALTER TABLE `tbl_tracks`
MODIFY `trackID` int(11) NOT NULL AUTO_INCREMENT,AUTO_INCREMENT=16;
/*!40101 SET CHARACTER_SET_CLIENT=@OLD_CHARACTER_SET_CLIENT */;
/*!40101 SET CHARACTER_SET_RESULTS=@OLD_CHARACTER_SET_RESULTS */;
/*!40101 SET COLLATION_CONNECTION=@OLD_COLLATION_CONNECTION */;
